"idseccion","cod_tienda","nombre_tienda","idseccion_zona","cod_zona","zona","idseccion_plaza","cod_plaza","plaza","idseccion_division","cod_division","division","estado","fecha_apertura","fecha_cierre","direccion_sbs","distrito","provincia","departamento","geoubicacion","centro_costos","n_resolucion_sbs","fecha_resolucion","cod_sbs","condicion","tipo_tienda","clasificacion_tienda","tipo_horario","horario","nombre_almacen","embozadora","atencion_feriados","grupo_campana","ubigeo","tienda_imagine","fecha_imagine","tipo_idseccion","active_controller","kiosko","latitud","longitud","metros_cuadrados","cod_sector_gt","asofdate","codpropositositio","descpropositositio","codclasificaciontienda","codtipohorario","codtipotienda","codgeoubicacion","usuariocreamodifi","fechacreamodifi","horacreamodifi","lote","cu_tienda","region_convenios","region_convnominas","plaza_convenios","zona_convenios","fecinformacion"
"04100","041","Rivera Navarrete","96200","Z5","Zona Moderna Oeste","","","","82100","TL","Tiendas Lima","Activa","20091030","","AV. RIVERA NAVARRETE 665","SAN ISIDRO","LIMA","LIMA","Moderna 1","0410300000","SBS 14294-2009","20091030","002-154","Propia","Tienda Financiera","Calle","Normal","L a V de 9:00am a 6:00pm / S de 9:00am a 1:00pm","TIENDA RIVERA NAVARRETE","sin Embozadora","NO","Normal","140112","SI","19000101","T","1","2","-12.093828800000001","-77.026445499999994","546","43222","","","","","","","","","20210503","08:46:44.2470000",,"000041","Lima","00 LIMA","Zona Moderna Oeste","LIMA",
"40700","407","Chincha Real Plaza","90405","R3","Región Sur","40001","PICA","Plaza Ica","98900","TP","Tiendas Provincia","Cerrada","20110224","20190131","PANAMERICANA SUR (AV. OSCAR R. BENAVIDES) CON JIRON SIETE Y CALLE PILLCA","CHINCHA ALTA","CHINCHA","ICA","Centro","4070300000","SBS 15266-2010","20101118","002-490","Alquilada","Tienda Financiera","Centro Comercial","Horario Extendido","L a S de 10:00am a 8:00pm","MM VEA CHINCHA","con Embozadora","SI","Normal","100201","SI","20131021","T","1","1","-13.416536000000001","-76.141693000000004","173.87","42225","","","","","","","","","20210503","08:46:44.2470000",,"000407","Sur","03 SUR CENTRO","Chincha","PROVINCIA",
"61200","612","Trujillo Mall Plaza","","","","60001","PTRU","Plaza Trujillo","98900","TP","Tiendas Provincia","Activa","20071212","","AV. MANSICHE Y AMERICA OESTE LOCAL B-1253,  B-1257","TRUJILLO","TRUJILLO","LA LIBERTAD","Norte","6120300000","SBS 1682-2007","20071121","002-397","Alquilada","Tienda Financiera","Centro Comercial","Horario Extendido","L a S de 10:00am a 8:00pm","TIENDA TRUJILLO MALL PLAZA","con Embozadora","NO","Normal","120101","SI","20131118","T","1","1","-8.1016344749999991","-79.044957190000005","266.42000000000002","4211L","","","","","","","","","20210503","08:46:44.2470000",,"000612","Norte","01 NORTE","Trujillo","PROVINCIA",
"24100","241","MM Vivanda Benavides","96200","Z5","Zona Moderna Oeste","","","","82100","TL","Tiendas Lima","Activa","20051012","","AV. BENAVIDES # 487","MIRAFLORES","LIMA","LIMA","Moderna 1","2410300000","SBS 1439-2005","20050920","002-332","Alquilada","Money Market","Supermercado","Money","L a D 9:00am a 9:00pm","MM VIVANDA BENAVIDES","sin Embozadora","SI","Normal","140107","NO","19000101","T","0","","-12.124548000000001","-77.028062000000006","22.75","43331","","","","","","","","","20210503","08:46:44.2470000",,"000241","Lima","00 LIMA","Zona Moderna Oeste","LIMA",
"40200","402","Chincha","90405","R3","Región Sur","40001","PICA","Plaza Ica","98900","TP","Tiendas Provincia","Activa","19991215","","AV. MARISCAL BENAVIDES 288","CHINCHA ALTA","CHINCHA","ICA","Centro","4020300000","SBS 1105-1999","19991215","002-054","Propia","Tienda Financiera","Calle","Normal","L a V de 9:00am a 6:00pm / S de 9:00am a 1:00pm","TIENDA CHINCHA","sin Embozadora","NO","Normal","100201","SI","20131021","T","1","1","-13.417251","-76.135056000000006","328.10000000000002","42229","","","","","","","","","20210503","08:46:44.2470000",,"000402","Sur","03 SUR CENTRO","Ica","PROVINCIA",
"48200","482","Chorrillos Los Cedros","81300","Z7","Zona Sur","","","","82100","TL","Tiendas Lima","Activa","20091217","","AV ALAMEDA SUR ESQUINA CON AV ALAMEDA SAN MARCOS MZ II TIENDA N° 108 - CHORRILLOS","CHORRILLOS","LIMA","LIMA","Lima Sur","4820300000","SBS 12996-2009","20090915","002-466","Alquilada","Tienda Financiera","Centro Comercial","Horario Extendido","L a V de 9:00 a.m. a 7:00 p.m. / S de 9:00 a.m. a 2:00 p.m.","MM Vea CHORRILLOS","con Embozadora","SI","Normal","140108","NO","19000101","T","1","1","-12.19667754","-77.011188399999995","150","43328","","","","","","","","","20210503","08:46:44.2470000",,"000482","Lima","00 LIMA","Zona Sur","LIMA",
"48600","486","MM Vea Centro Cívico","81500","Z3","Zona Centro","","","","82100","TL","Tiendas Lima","Activa","20091209","","AV GARCILAZO DE LA VEGA  CON AV ESPAÑA","LIMA - CERCADO","LIMA","LIMA","Lima Centro","4860300000","SBS 14279-2009","20091028","002-468","Alquilada","Money Market","Supermercado","Money","L a D 9:00am a 9:00pm","MM Vea CENTRO CIVICO","con Embozadora","SI","Normal","140101","NO","19000101","T","0","","-12.057923649999999","-77.037776879999996","27.100000000000001","4334B","","","","","","","","","20210503","08:46:44.2470000",,"000486","Lima","00 LIMA","Zona Centro","LIMA",
"10000","100","Lima","81500","Z3","Zona Centro","","","","82100","TL","Tiendas Lima","Activa","19420501","","JR. DE LA UNION 600","LIMA - CERCADO","LIMA","LIMA","Lima Centro","1000300000","SBS 890-2006","20060706","002-111","Alquilada","Tienda Financiera","Calle","Normal","L a V de 9:00am a 6:00pm / S de 9:00am a 1:00pm","TIENDA LIMA","sin Embozadora","NO","Normal","140101","NO","19000101","T","0","","-12.04745458","-77.032400519999996","2343.0999999999999","43137","","","","","","","","","20210503","08:46:44.2470000",,"000100","Lima","00 LIMA","Zona Centro","LIMA",
"58800","588","Abancay","90405","R3","Región Sur","42001","PCUS","Plaza Cusco","98900","TP","Tiendas Provincia","Activa","20081230","","AV ARENALES N° 233-235-237. ESQ PARQUE MICAELA BASTIDAS 101","ABANCAY","ABANCAY","APURIMAC","Centro","5880300000","SBS 10680-2008","20081106","002-436","Alquilada","Tienda Financiera","Calle","Normal","L a V de 9:00am a 6:00pm / S de 9:00am a 1:00pm","TIENDA ABANCAY","sin Embozadora","NO","Normal","30101","NO","19000101","T","0","","-13.636044999999999","-72.875083000000004","412","4222W","","","","","","","","","20210503","08:46:44.2470000",,"000588","Sur","04 SUR","Cusco","PROVINCIA",
"63500","635","UPC Villa","81300","Z7","Zona Sur","","","","82100","TL","Tiendas Lima","Cerrada","20130520","20201231","AV. ALAMEDA SAN MARCOS S/N","CHORRILLOS","LIMA","LIMA","","6350300000","SBS 1313 - 2013","20130218","002-529","Alquilada","Tienda Cerrada","Cerrada","Cerrada","L a V de 9:00 am a 8:00pm / S de 9:00am a 12:30pm","TIENDA UPC - VILLA","","NO","Normal","140108","NO","19000101","T","0","","-12.197485","-77.008591999999993","35","4323G","","","","","","","","","20210503","08:46:44.2470000",,"000635","Lima","00 LIMA","Zona Sur","LIMA",
"51300","513","Huancayo Real Plaza","90403","R2","Región Centro","50001","PJUN","Plaza Junin","98900","TP","Tiendas Provincia","Activa","20081024","","AV GIRALDEZ NO 497","HUANCAYO","HUANCAYO","JUNIN","Centro","5130300000","SBS 13727-2008","20081229","002-422","Alquilada","Tienda Financiera","Centro Comercial","Horario Extendido","L a S de 10:00am a 8:00pm","TIENDA HUANCAYO REAL PLAZA","con Embozadora","SI","Normal","110101","SI","20131111","T","1","1","-12.067057","-75.204994999999997","284.02999999999997","4222R","","","","","","","","","20210503","08:46:44.2470000",,"000513","Centro","03 SUR CENTRO","Junin","PROVINCIA",
"35300","353","Zárate","81700","Z4","Zona 4","","","","82100","TL","Tiendas Lima","Cerrada","20121003","20171230","AVENIDA GRAN CHIMÚ N°1641, MANZANA K-7, LOTE 12, URBANIZACIÓN ZÁRATE","SAN JUAN DE LURIGANCHO","LIMA","LIMA","Lima Este","3530300000","SBS 5356 - 2012","20120806","002-512","Alquilada","Tienda Financiera","Calle","Normal","L a V de 9:00am a 6:00pm / S de 9:00am a 1:00pm","TIENDA ZARATE SJL","sin Embozadora","NO","Normal","140137","SI","20140703","T","1","1","-12.024039999999999","-76.985883999999999","363.10000000000002","4314H","","","","","","","","","20210503","08:46:44.2470000",,"000353","Lima","00 LIMA","Zona Este","LIMA",
"10800","108","Pardo","96200","Z5","Zona Moderna Oeste","","","","82100","TL","Tiendas Lima","Activa","19840601","","AV. JOSE PARDO 413 ESQ. C/ CA. LIBERTAD","MIRAFLORES","LIMA","LIMA","Moderna 1","1080300000","SBS 257-1984","19840611","002-146","Alquilada","Tienda Financiera","Calle","Normal","L a V de 9:00am a 6:00pm / S de 9:00am a 1:00pm","TIENDA PARDO","sin Embozadora","NO","Normal","140107","NO","19000101","T","1","1","-12.11930697","-77.03298393","241.18000000000001","43227","","","","","","","","","20210503","08:46:44.2470000",,"000108","Lima","00 LIMA","Zona Moderna Oeste","LIMA",
"52900","529","MM Huacho Plaza del Sol","90403","R2","Región Centro","52701","PNC","Plaza Norte chico","98900","TP","Tiendas Provincia","Activa","20101231","","AV. 9 DE OCTUBRE CON JR. SALAVERRY Y MALECON ROCA","HUACHO","HUAURA","LIMA","Centro","5290300000","SBS 15266-2010","20101118","002-482","Alquilada","Money Market","Supermercado","Money","L a D 9:00am a 9:00pm","MM HUACHO (HURON)","con Embozadora","NO","Normal","140501","NO","19000101","T","0","","-11.11006164","-77.613079479999996","35","4212Q","","","","","","","","","20210503","08:46:44.2470000",,"000529","Centro","02 NORTE CENTRO","Norte Chico","PROVINCIA",
"54900","549","MM Tarapoto","90403","R2","Región Centro","75001","PTPP","Plaza Oriente","98900","TP","Tiendas Provincia","Cerrada","20190215","20200630","Av. Salaverry N° 810, Sector Barrio San Martin Morales","TARAPOTO","SAN MARTIN","SAN MARTIN","Centro","5490300000","SBS 4745 - 2018","20181203","","Alquilada","Money Market","Supermercado","Money","Lunes a Domingo de 9:00 am a 9:00 pm","","sin Embozadora","SI","","210601","SI","20190215","T","0","0","-6.4819509999999996","-76.377269999999996","-6.4818290000000003","-76.377492","","","","","","","","","20210503","08:46:44.2470000",,"000549","Centro","","Tarapoto","PROVINCIA",
"61700","617","TF Nuevo Chimbote Real Plaza","90403","R2","Región Centro","62001","PCHM","Plaza Chimbote","98900","TP","Tiendas Provincia","Activa","20101231","","Carretera Panamericana Norte Km 424.20 (CC Real Plaza, esquina con Av. Country)","CHIMBOTE","SANTA","ANCASH","Centro","6170300000","SBS 15266-2010","20180409","002-483","Alquilada","Tienda Financiera","Calle","Horario Extendido","L a S 10:00am a 8:00pm","MM CHIMBOTE (CHIMPANCE)","con Embozadora","NO","Normal","21301","SI","20131202","T","0","","-9.1260169999999992","-78.535128","49.200000000000003","42125","","","","","","","","","20210503","08:46:44.2470000",,"000617","Norte","02 NORTE CENTRO","Chimbote","PROVINCIA",
"12100","121","San Salvador","80500","Z1","Zona 1","","","","82100","TL","Tiendas Lima","Cerrada","20080930","20170630","AV. PERU N? 2290 - 2286","SAN MARTIN DE PORRES","LIMA","LIMA","Lima Norte","1210300000","SBS 4846-2008","20080807","002-416","Alquilada","Tienda Financiera","Calle","Normal","L a V de 9:00am a 6:00pm / S de 9:00am a 1:00pm","TIENDA SAN SALVADOR","sin Embozadora","NO","Normal","140126","NO","19000101","T","1","1","-12.031561","-77.069789","293.44","43114","","","","","","","","","20210503","08:46:44.2470000",,"000121","Lima","00 LIMA","Zona Norte","LIMA",
"92300","923","","","","","","","","","","Tiendas provincia","Pendiente","19000101","","","","","","","","","","","","","","","","","","","","","","","","","","","","","","","","","","","","","","","",,"000923","Lima","","Sin Zona","PROVINCIA",
"36100","361","Moquegua","90405","R3","Región Sur","34001","PTCQ","Plaza Tacna","98900","TP","Tiendas Provincia","Activa","20071228","","CA. MOQUEGUA ESQ.CON TARAPACA N?904-910 Y N?303-323","MOQUEGUA","MCAL. NIETO","MOQUEGUA","Sur","3610300000","SBS 1868-2007","20071219","002-401","Alquilada","Tienda Financiera","Calle","Normal","L a V de 9:00am a 6:00pm / S de 9:00am a 1:00pm","TIENDA MOQUEGUA","sin Embozadora","NO","Normal","170101","SI","20140719","T","1","1","-17.192126999999999","-70.932573000000005","419.37","4222I","","","","","","","","","20210503","08:46:44.2470000",,"000361","Sur","04 SUR","Tacna","PROVINCIA",
"41900","419","Cusco Real Plaza","90405","R3","Región Sur","42001","PCUS","Plaza Cusco","98900","TP","Tiendas Provincia","Activa","20140326","","AV. LA CULTURA, ALTURA DEL SEMINARIO SAN ANTONIO DE ABAD S/N, LOCALES LC-113-129-131-133","CUSCO","CUSCO","CUSCO","","4190300000","SBS 6149 - 2013","20131011","002-538","Alquilada","Tienda Financiera","Centro Comercial","Horario Extendido","L a S de 10:00am a 8:00pm","TIENDA REAL PLAZA CUSCO","","","Nació siendo Imagine","70101","SI","20140326","T","1","1","-13.523319000000001","-71.950138999999993","238.27000000000001","4221O","","","","","","","","","20210503","08:46:44.2470000",,"000419","Sur","04 SUR","Cusco","PROVINCIA",
"15200","152","MM Vivanda La Molina","83200","Z10","Zona 10","","","","82100","TL","Tiendas Lima","Cerrada","20110310","20131118","URBANIZACION LA RINCONADA ALTA S/N, LT N? 1, SECCION H, PARCELA SEMI RUSTICA","LA MOLINA","LIMA","LIMA","Moderna 1","","SBS 3000-2011","20110307","002-491","Alquilada","Money Market","Supermercado","Money","L a D 9:00am a 9:00pm","MM VIVANDA LA MOLINA","con Embozadora","SI","Normal","140110","NO","19000101","T","","","","","","","","","","","","","","","20210503","08:46:44.2470000",,"000152","Lima","00 LIMA","Lima","LIMA",
"11900","119","San Borja Norte","96200","Z5","Zona Moderna Oeste","","","","82100","TL","Tiendas Lima","Activa","20081128","","AV. AVIACIÓN N° 2699 ESQUINA CON AV. SAN BORJA NORTE","SAN BORJA","LIMA","LIMA","Moderna 1","1190300000","SBS 10680-2008","20081106","002-427","Alquilada","Tienda Financiera","Calle","Normal","L a V de 9:00am a 6:00pm / S de 9:00am a 1:00pm","TIENDA SAN BORJA NORTE","sin Embozadora","NO","Normal","140140","SI","20131023","T","1","1","-12.093966999999999","-77.002487000000002","214.09999999999999","43237","","","","","","","","","20210503","08:46:44.2470000",,"000119","Lima","00 LIMA","Zona Moderna Oeste","LIMA",
"15600","156","Bazar Naval","82000","Z2","Zona Oeste","","","","82100","TL","Tiendas Lima","Activa","20060928","","AV. VENEZUELA CUDRA. # 36 S/N - BAZAR NAVAL DE LA MARINA DE GUERRA DEL PERU","SAN MIGUEL","LIMA","LIMA","Moderna 1","1560300000","SBS 1199-2006","20060921","002-347","Alquilada","Tienda Cerrada","Cerrada","Cerrada","L a V de 8:30am a 5:30pm / S de 9:00am a 1:00pm","TIENDA BAZAR NAVAL","sin Embozadora","NO","Normal","140101","NO","19000101","T","0","","-12.061786700000001","-77.09166295","33.5","43216","","","","","","","","","20210503","08:46:44.2470000",,"000156","Lima","00 LIMA","Zona Oeste","LIMA",
"02400","024","Venezuela","81500","Z3","Zona Centro","","","","82100","TL","Tiendas Lima","Activa","19890501","","AV. VENEZUELA 1251","BREÑA","LIMA","LIMA","Lima Centro","0240300000","SBS 14294-2009","20091030","002-208","Propia","Tienda Financiera","Calle","Normal","L a V de 9:00am a 6:00pm / S de 9:00am a 1:00pm","TIENDA VENEZUELA","sin Embozadora","NO","Normal","140104","NO","19000101","T","0","","-12.05545465","-77.051920440000004","164.61000000000001","43121","","","","","","","","","20210503","08:46:44.2470000",,"000024","Lima","00 LIMA","Zona Centro","LIMA",
"49300","493","MM Vea San Juan de Lurigancho","81700","Z4","Zona 4","","","","82100","TL","Tiendas Lima","Cerrada","20090526","20200530","AV. CANTO GRANDE MZ UNIDAD 44-C, URB QUINTA SAN FERNANDO","SAN JUAN DE LURIGANCHO","LIMA","LIMA","Lima Este","4930300000","SBS 2419-2009","20090408","002-455","Alquilada","Money Market","Supermercado","Money","L a D 9:00am a 9:00pm","MM Vea SAN JUAN DE LURIGANCHO","con Embozadora","SI","Normal","140137","NO","19000101","T","0","","-11.990933999999999","-77.015355999999997","95.829999999999998","4332A","","","","","","","","","20210503","08:46:44.2470000",,"000493","Lima","00 LIMA","Zona Este","LIMA",
"42000","420","Cusco","90405","R3","Región Sur","42001","PCUS","Plaza Cusco","98900","TP","Tiendas Provincia","Activa","19421104","","AV. EL SOL 380","CUSCO","CUSCO","CUSCO","Sur","4200300000","SBS 600-2009","20090203","002-082","Propia","Tienda Financiera","Calle","Normal","L a V de 9:00am a 6:00pm / S de 9:00am a 1:00pm","TIENDA PLAZA CUSCO","sin Embozadora","NO","Normal","70101","SI","20131125","T","1","2","-13.519914","-71.977226000000002","422","42216","","","","","","","","","20210503","08:46:44.2470000",,"000420","Sur","04 SUR","Cusco","PROVINCIA",
"31700","317","Arequipa La Negrita","","","","30001","PAQP","Plaza Arequipa","98900","TP","Tiendas Provincia","Activa","20070710","","C.C. LA NEGRITA - AV.VENEZUELA S/N","AREQUIPA","AREQUIPA","AREQUIPA","Sur","3170300000","SBS 568-2007","20070511","002-374","Alquilada","Tienda Financiera","Calle","Normal","L a V de 9:00am a 6:00pm / S de 9:00am a 1:00pm","TIENDA AREQUIPA LA NEGRITA","sin Embozadora","NO","Normal","40101","SI","20131028","T","1","1","-16.403403000000001","-71.518151000000003","221.80000000000001","4222N","","","","","","","","","20210503","08:46:44.2470000",,"000317","Arequipa","04 SUR","Arequipa","PROVINCIA",
"15800","158","Magdalena","82000","Z2","Zona Oeste","","","","82100","TL","Tiendas Lima","Activa","20081126","","JR. LEONCIO PRADO N° 890","MAGDALENA","LIMA","LIMA","Moderna 2","1580300000","SBS 9747-2008","20080930","002-420","Alquilada","Tienda Financiera","Calle","Normal","L a V de 9:00am a 6:30pm / S de 9:00am a 1:00pm","TIENDA MAGDALENA","sin Embozadora","NO","Normal","140112","SI","20131030","T","1","1","-12.08986915","-77.071978639999998","130.93000000000001","4312A","","","","","","","","","20210503","08:46:44.2470000",,"000158","Lima","00 LIMA","Zona Oeste","LIMA",
"64400","644","Prisma Tower","96200","Z5","Zona 5","","","","82100","TL","Tiendas Lima","Cerrada","20161001","20200430","Av. Antonio Miro Quesada N° 421, 423, 425, 427, 427-A, 429 y 431, Local N° 102","MAGDALENA","LIMA","LIMA","","6440300000","SBS 1833 - 2016","20160401","","Alquilada","Tienda Financiera","Calle","Normal","L a V de 9:00am a 6:00pm / S de 9:00am a 1:00pm","TF PRISMA TOWER","sin Embozadora","","","","SI","20140704","T","1","1","-12.0955294","-77.059718399999994","260","4313C","","","","","","","","","20210503","08:46:44.2470000",,"000644","Lima","","Zona Moderna Oeste","LIMA",
"25600","256","MM Vea Caminos del Inca","81200","Z6","Zona Moderna Este","","","","82100","TL","Tiendas Lima","Activa","20051207","","AV. CAMINOS DEL INCA #351 - CHACARILLA","SURCO","LIMA","LIMA","Moderna 1","2560300000","SBS 1651-2005","20051109","002-339","Alquilada","Money Market","Supermercado","Money","L a D 9:00am a 9:00pm","MM Vea CAMINOS DEL INCA","con Embozadora","SI","Normal","140129","NO","19000101","T","0","","-12.114371","-76.990921","34","43334","","","","","","","","","20210503","08:46:44.2470000",,"000256","Lima","00 LIMA","Zona Moderna Este","LIMA",
"53400","534","TF MINKA II","82000","Z2","Zona 2","","","","82100","TL","Tiendas Lima","Cerrada","20151130","20200430","AV. ARGENTINA N° 3093, LOCAL N° 109-110, AV. 03, PABELLON 09","CALLAO","CALLAO","CALLAO","Callao","5340300000","SBS 6597 - 2015","20141102","002-554","Alquilada","Tienda Financiera","Centro Comercial","Horario Extendido","L a V de 9:00am a 7:00pm / S de 9:00am a 2:00pm","TIENDA MINKA II","sin Embozadora","NO","Nació siendo Imagine","106","SI","19000101","T","1","1","-12.048352250000001","-77.110486649999999","206.69","43127","","","","","","","","","20210503","08:46:44.2470000",,"000534","Lima","","Zona Oeste","LIMA",
"73100","731","Tumbes","","","","72001","PPIU","Plaza Piura","98900","TP","Tiendas Provincia","Activa","20070711","","JR. BOLIVAR N? 139","TUMBES","TUMBES","TUMBES","Norte","7310300000","SBS 568-2007","20070511","002-372","Propia","Tienda Financiera","Calle","Normal","L a V de 9:00am a 6:00pm / S de 9:00am a 1:00pm","TIENDA TUMBES","sin Embozadora","NO","Normal","230101","NO","19000101","T","1","1","-3.5709581020000001","-80.460204610000005","329","4211I","","","","","","","","","20210503","08:46:44.2470000",,"000731","Norte","01 NORTE","","",
"59000","590","Cerro de Pasco","90403","R2","Región Centro","50001","PJUN","Plaza Junin","98900","TP","Tiendas Provincia","Activa","20031211","","CA. BOLOGNESI 476-478","CHAUPIMARCA","PASCO","PASCO","Centro","5900300000","SBS 1721-2003","20031211","002-080","Alquilada","Tienda Financiera","Calle","Normal","L a V de 9:00am a 6:00pm / S de 9:00am a 1:00pm","TIENDA CERRO DE PASCO","sin Embozadora","NO","Normal","180109","NO","19000101","T","0","","-10.667000379999999","-76.253577930000006","207.52000000000001","4222E","","","","","","","","","20210503","08:46:44.2470000",,"000590","Centro","03 SUR CENTRO","Junin","PROVINCIA",
"95600","956","","","","","","","","","","Tiendas provincia","Pendiente","19000101","","","","","","","","","","","","","","","","","","","","","","","","","","","","","","","","","","","","","","","",,"000956","Lima","","Sin Zona","PROVINCIA",
"72300","723","Talara","","","","72001","PPIU","Plaza Piura","98900","TP","Tiendas Provincia","Activa","20040615","","CENTRO CIVICO 101-200","PARIÑAS","TALARA","PIURA","Norte","7230300000","SBS 932-2004","20040615","002-013","Propia","Tienda Financiera","Calle","Normal","L a V de 9:00am a 6:00pm / S de 9:00am a 1:00pm","TIENDA TALARA","sin Embozadora","NO","Normal","190701","SI","20140830","T","1","1","-4.5792251720000001","-81.272473110000007","460.25","42123","","","","","","","","","20210503","08:46:44.2470000",,"000723","Norte","01 NORTE","","",
"48500","485","Petroperú","96200","Z5","Zona Moderna Oeste","","","","82100","TL","Tiendas Lima","Activa","20091018","","AV. ENRIQUE CANAVAL Y MOREYRA N° 510","SAN ISIDRO","LIMA","LIMA","Moderna 1","4850300000","SBS 11063-2009","20090818","002-462","Alquilada","Tienda Cerrada","Cerrada","Cerrada","L a V de 9:00am a 6:00pm","TIENDA PETROPERU","sin Embozadora","NO","Normal","140112","NO","19000101","T","0","","-12.097504989999999","-77.024619630000004","28","4321D","","","","","","","","","20210503","08:46:44.2470000",,"000485","Lima","00 LIMA","Zona Moderna Oeste","LIMA",
"84400","844","","","","","","","","","","Tiendas provincia","Pendiente","19000101","","","","","","","","","","","","","","","","","","","","","","","","","","","","","","","","","","","","","","","",,"000844","Lima","00 LIMA","Sin Zona","PROVINCIA",
"46000","460","MM Moquegua","90405","R3","Región Sur","34001","PTCQ","Plaza Tacna","98900","TP","Tiendas Provincia","Cerrada","20151106","20191130","AV. CIRCUNVALACION LOTE 1-B, SUB LOTE 1, FUNDO EL GRAMADAL","MOQUEGUA","MARISCAL NIETO","MOQUEGUA","Sur","4600300000","SBS 6396 - 2015","20151023","002-559","Alquilada","Money Market","Supermercado","Money","L a D 9:00am a 9:00pm","MM MOQUEGUA","sin Embozadora","","Nació siendo Imagine","170101","SI","19000101","T","0","","-17.188692100000001","-70.921659399999996","64","4323K","","","","","","","","","20210503","08:46:44.2470000",,"000460","Sur","","Moquegua","PROVINCIA",
"44700","447","","","","","","","","","","Tiendas provincia","Pendiente","19000101","","","","","","","","","","","","","","","","","","","","","","","","","","","","","","","","","","","","","","","",,"000447","00 LIMA","00 LIMA","LIMA","PROVINCIA",
"36700","367","Nazca","90405","R3","Región Sur","40001","PICA","Plaza Ica","98900","TP","Tiendas Provincia","Activa","20121210","","CALLE BOLOGNESI N° 590","NAZCA","NAZCA","ICA","Centro","3670300000","SBS 8058 - 2012","20121019","002-518","Alquilada","Tienda Financiera","Calle","Normal","L a V de 9:00am a 6:00pm / S de 9:00am a 1:00pm","TIENDA NAZCA","sin Embozadora","NO","Normal","100301","SI","20130807","T","1","1","-14.827968","-74.936835000000002","308.69999999999999","4221I","","","","","","","","","20210503","08:46:44.2470000",,"000367","Sur","03 SUR CENTRO","Ica","PROVINCIA",
"29200","292","Breña","82600","Z9","Zona 9","","","","82100","TL","Tiendas Lima","Cerrada","20041206","20190731","JR. IQUIQUE # 380-382","BREÑA","LIMA","LIMA","Lima Centro","2920300000","SBS 1840-2004","20041108","002-296","Alquilada","Tienda Financiera","Calle","Normal","L a V de 9:00am a 6:00pm / S de 9:00am a 1:00pm","TIENDA BREÑA","sin Embozadora","NO","Normal","140104","NO","19000101","T","1","","-12.053798","-77.044013000000007","154.18000000000001","4313D","","","","","","","","","20210503","08:46:44.2470000",,"000292","Lima","00 LIMA","Zona 9","LIMA",
"82700","827","","","","","","","","","","Tiendas provincia","Pendiente","19000101","","","","","","","","","","","","","","","","","","","","","","","","","","","","","","","","","","","","","","","",,"000827","Lima","","Sin Zona","PROVINCIA",
"13900","139","San Juan de Lurigancho","81700","Z4","Zona Este","","","","82100","TL","Tiendas Lima","Activa","20050401","","AV. PROCERES DE LA INDEPENDENCIA 1629-1631","SAN JUAN DE LURIGANCHO","LIMA","LIMA","Lima Este","1390300000","SBS 1840-2004","20041108","002-301","Alquilada","Tienda Financiera","Calle","Normal","L a V de 9:00am a 6:00pm / S de 9:00am a 1:00pm","TIENDA SAN JUAN LURIGANCHO","con Embozadora","NO","Normal","140137","SI","20131002","T","1","1","-12.007599000000001","-77.005443","749.74000000000001","43149","","","","","","","","","20210503","08:46:44.2470000",,"000139","Lima","00 LIMA","Zona Este","LIMA",
"28400","284","Naranjal","80500","Z1","Zona Norte","","","","82100","TL","Tiendas Lima","Activa","20081126","","AV NARANJAL LOTE 16, MANZANA I 2, N° 1409","LOS OLIVOS","LIMA","LIMA","Lima Norte","2840300000","SBS 10680-2008","20081106","002-428","Alquilada","Tienda Financiera","Calle","Normal","L a V de 9:00am a 6:00pm / S de 9:00am a 1:00pm","TIENDA NARANJAL","sin Embozadora","NO","Normal","140142","SI","20131108","T","1","1","-11.97733951","-77.081551649999994","225","4311E","","","","","","","","","20210503","08:46:44.2470000",,"000284","Lima","00 LIMA","Zona Norte","LIMA",
"58900","589","Challhuahuacho","90405","R3","Región Sur","42001","PCUS","Plaza Cusco","98900","TP","Tiendas Provincia","Activa","20090807","","PLAZA DE ARMAS S/N","CHALHUAHUACHO","COTABAMBAS","APURIMAC","Sur","5890300000","SBS 100-2009","20090107","002-460","Alquilada","Tienda Financiera","Calle","Normal","L a V de 9:00am a 6:00pm / S de 9:00am a 1:00pm","TIENDA CHALLHUAHUACHO","sin Embozadora","NO","Nació siendo Imagine","30506","SI","20131125","T","1","1","-14.118589","-72.246733000000006","144.21000000000001","4222Z","","","","","","","","","20210503","08:46:44.2470000",,"000589","Sur","04 SUR","Cusco","PROVINCIA",
"61600","616","Trujillo Larco","","","","60001","PTRU","Plaza Trujillo","98900","TP","Tiendas Provincia","Activa","20120611","","SAN VALENTIN 114-LARCO 792-796","TRUJILLO","TRUJILLO","LA LIBERTAD","Norte","6160300000","SBS 2796 - 2012","20120510","002-506","Alquilada","Tienda Financiera","Calle","Normal","L a V de 9:00am a 6:30pm / S de 9:00am a 1:00pm","TIENDA TRUJILLO LARCO","sin Embozadora","NO","Normal","120101","SI","20131118","T","1","1","-8.1213058870000001","-79.03619965","537.60000000000002","4212A","","","","","","","","","20210503","08:46:44.2470000",,"000616","Norte","01 NORTE","Trujillo","PROVINCIA",
"04700","047","San Felipe","82000","Z2","Zona Oeste","","","","82100","TL","Tiendas Lima","Activa","19960401","","C.C. SAN FELIPE TDA. 26","JESUS MARIA","LIMA","LIMA","Moderna 2","0470300000","SBS 810-1997/ SBS 4954-2012","18991230","002-175","Alquilada","Tienda Financiera","Calle","Normal","L a V de 9:00am a 6:00pm / S de 9:00am a 1:00pm","TIENDA SAN FELIPE","sin Embozadora","NO","Normal","140133","SI","20131030","T","1","1","-12.087503290000001","-77.053644869999999","75.400000000000006","43135","","","","","","","","","20210503","08:46:44.2470000",,"000047","Lima","00 LIMA","Zona Oeste","LIMA",
"09600","096","Huaycán","81700","Z4","Zona 4","","","","82100","TL","Tiendas Lima","Cerrada","20071217","20130228","AV. 15 DE JULIO LT.16 - PROYECTO ESPECIAL HUAYCAN","ATE - VITARTE","LIMA","LIMA","Lima Este","","SBS 1682-2007","20071121","002-390","Alquilada","Tienda Financiera","calle","Normal","L a V de 9:00am a 6:00pm / S de 9:00am a 1:00pm","HUAYCÁN","","","Normal","140103","NO","19000101","T","","","","","","","","","","","","","","","20210503","08:46:44.2470000",,"000096","Lima","00 LIMA","Zona Este","LIMA",
"11500","115","Barranco","81300","Z7","Zona Sur","","","","82100","TL","Tiendas Lima","Activa","19790601","","AV. GRAU 300","BARRANCO","LIMA","LIMA","Moderna 2","1150300000","SBS 1105-1999","19991215","002-155","Alquilada","Tienda Financiera","Calle","Normal","L a V de 9:00am a 6:00pm / S de 9:00am a 1:00pm","TIENDA BARRANCO","sin Embozadora","NO","Normal","140125","SI","20131206","T","1","1","-12.148909","-77.020940999999993","168.33000000000001","43244","","","","","","","","","20210503","08:46:44.2470000",,"000115","Lima","00 LIMA","Zona Sur","LIMA",
"70000","700","Chiclayo","","","","70001","PCH","Plaza Chiclayo","98900","TP","Tiendas Provincia","Activa","19991215","","JR. ELIAS AGUIRRE 641","CHICLAYO","CHICLAYO","LAMBAYEQUE","Norte","7000300000","SBS 1105-1999","19991215","002-005","Propia","Tienda Financiera","Calle","Normal","L a V de 9:00am a 6:00pm / S de 9:00am a 1:00pm","TIENDA PLAZA CHICLAYO","con Embozadora","NO","Normal","130101","SI","20130923","T","2","2","-6.7716916210000004","-79.839481770000006","1078","42121","","","","","","","","","20210503","08:46:44.2470000",,"000700","Norte","01 NORTE","Chiclayo","PROVINCIA",
"35600","356","Plaza Vea Chosica","","","","","","","","","Tiendas provincia","Pendiente","19000101","","","","","","","","","","","","","","","","","","","","","","","","","","","","","","","","","","","","","","","",,"000356","Lima","","Sin Zona","PROVINCIA",
"11100","111","Surquillo","81800","Z8","Zona 8","","","","82100","TL","Tiendas Lima","Cerrada","20071203","20200529","AV. ANGAMOS ESTE N? 1083 - 1099","SURQUILLO","LIMA","LIMA","Moderna 2","1110300000","SBS 1682-2007","20071121","002-386","Alquilada","Tienda Financiera","Calle","Normal","L a V de 9:00am a 6:30pm / S de 9:00am a 1:00pm","TIENDA SURQUILLO","sin Embozadora","NO","Normal","140131","SI","20131018","T","1","1","-12.112918000000001","-77.020366999999993","224","43242","","","","","","","","","20210503","08:46:44.2470000",,"000111","Lima","00 LIMA","Zona 8","LIMA",
"32300","323","Real Plaza Juliaca","90405","R3","Región Sur","34001","PTCQ","Plaza Tacna","98900","TP","Tiendas Provincia","Activa","20110119","","ESQUINA CALLE TUMBES CON CALLE SAN MARTIN JULIACA","JULIACA","SAN ROMAN","PUNO","Sur","3230300000","SBS 15266-2010","20101118","002-487","Alquilada","Tienda Financiera","Centro Comercial","Horario Extendido","L a S de 10:00am a 8:00pm","MM JULIACA (JAGUAR)","con Embozadora","NO","Normal","200901","SI","20141125","T","1","1","-15.49435473","-70.130695230000001","215.72999999999999","4221A","","","","","","","","","20210503","08:46:44.2470000",,"000323","Sur","04 SUR","Tacna","PROVINCIA",
"42700","427","MM Cusco Super Mega II","90419","R4","Región Sur","42001","PCUS","Plaza Cusco","98900","TP","Tiendas Provincia","Cerrada","20101208","20151231","AV. JORGE CHAVEZ S/N URB. TITIO WANCHQ","WANCHAQ","CUSCO","CUSCO","Sur","","SBS 5919-2010 y SBS 5419-2010","18991230","002-480","Alquilada","Money Market","Supermercado","Money","L a D 9:00am a 9:00pm","MM CUSCO SUPER MEGA II","sin Embozadora","NO","Normal","70108","SI","20131125","T","","","","","","","","","","","","","","","20210503","08:46:44.2470000",,"000427","Sur","04 SUR","Cusco","PROVINCIA",
"24400","244","MM Vea San Borja","81500","Z3","Zona Centro","","","","82100","TL","Tiendas Lima","Activa","20121215","","MZ. I-2 URB. SAN BORJA . ENTRE JAVIER PRADO ESTE, MORELLI, CARPACIO Y UCCELLO","SAN BORJA","LIMA","LIMA","Lima Este","2440300000","SBS 8593 - 2012","20121112","002-266","Alquilada","Xpress","Supermercado","Money","L a D 9:00am a 9:00pm","MM Vea SAN BORJA","con Embozadora","SI","Normal","140140","NO","19000101","T","0","","-12.090022250000001","-77.004235879999996","79.700000000000003","4332D","","","","","","","","","20210503","08:46:44.2470000",,"000244","Lima","00 LIMA","Zona Centro","LIMA",
"42800","428","Cusco Super Mega","90405","R3","Región Sur","42001","PCUS","Plaza Cusco","98900","TP","Tiendas Provincia","Cerrada","20070903","20201231","AV. DE LA CULTURA N? 450 URB. SANTA ROSA - WANCHAQ","WANCHAQ","CUSCO","CUSCO","Sur","4280300000","SBS 568-2007/SBS 8058-2012","18991230","002-368","Alquilada","Tienda Financiera","Calle","Normal","L a V de 9:00am a 6:00pm / S de 9:00am a 1:00pm","TIENDA CUSCO SUPER MEGA","sin Embozadora","SI","Normal","70108","SI","20131125","T","1","1","-13.527350999999999","-71.947119000000001","108","4222M","","","","","","","","","20210503","08:46:44.2470000",,"000428","Sur","04 SUR","Cusco","PROVINCIA",
"62900","629","Trujillo El Golf","","","","60001","PTRU","Plaza Trujillo","98900","TP","Tiendas Provincia","Activa","20140530","","AV. EL GOLF MZ 14, LOTES 19 Y 20. URB. LOS JARDINES DEL GOLF","VICTOR LARCO HERRERA","TRUJILLO","LA LIBERTAD","","6290300000","SBS 2802 - 2014","20140513","002-542","Alquilada","Tienda Financiera","Calle","Normal","L a V de 9:00am a 6:00pm / S de 9:00am a 1:00pm","TIENDA TRUJILLO EL GOLF","","","Nació siendo Imagine","130111","SI","20140530","T","1","1","-8.1352334919999993","-79.036112619999997","460.49000000000001","4212L","","","","","","","","","20210503","08:46:44.2470000",,"000629","Norte","01 NORTE","Trujillo","PROVINCIA",
"88900","889","","","","","","","","","","Tiendas provincia","Pendiente","19000101","","","","","","","","","","","","","","","","","","","","","","","","","","","","","","","","","","","","","","","",,"000889","Lima","","Sin Zona","PROVINCIA",
"43600","436","Carabayllo","80500","Z1","Zona Norte","","","","82100","TL","Tiendas Lima","Activa","20141219","","AV UNIVERSITARIA LOTE 27 MZ F PRIMER PISO URB.TUNGASUCA I ETAPA","CARABAYLLO","LIMA","LIMA","","4360300000","SBS 7696 - 2014","20141118","002-547","Alquilada","Tienda Financiera","Calle","Normal","L a V de 9:00am a 6:00pm / S de 9:00am a 1:00pm","TIENDA CARABAYLLO","","","Nació siendo Imagine","150106","SI","20141219","T","1","1","-11.89447655","-77.037303059999999","187.97","4311J","","","","","","","","","20210503","08:46:44.2470000",,"000436","Lima","00 LIMA","Zona Norte","LIMA",
"04200","042","San Miguel","82000","Z2","Zona Oeste","","","","82100","TL","Tiendas Lima","Activa","19810201","","AV. LA MARINA ESQ. C/ JR. DINTILHAC L 32","SAN MIGUEL","LIMA","LIMA","Moderna 1","0420300000","SBS 252-2001","20010330","002-157","Alquilada","Tienda Financiera","Calle","Normal","L a V de 9:00am a 6:00pm / S de 9:00am a 1:00pm","TIENDA SAN MIGUEL","sin Embozadora","NO","Normal","140101","NO","19000101","T","1","1","-12.07764663","-77.08528416","654.99000000000001","43122","","","","","","","","","20210503","08:46:44.2470000",,"000042","Lima","00 LIMA","Zona Oeste","LIMA",
"43000","430","ME Cusco","90405","R3","Región Sur","42001","PCUS","Plaza Cusco","98900","TP","Tiendas Provincia","Cerrada","20060323","20200430","PORTAL COMERCIO # 133 -  PLAZA DE ARMAS CUSCO","CUSCO","CUSCO","CUSCO","Sur","4300300000","SBS 1595-2005","20051028","002-336","Alquilada","Money Exchange","Calle","Money","L a D de 8:00am a 8:00pm","TIENDA ME CUSCO","sin Embozadora","NO","Normal","70101","NO","19000101","T","0","","-13.517480000000001","-71.978857000000005","15","","","","","","","","","","20210503","08:46:44.2470000",,"000430","Sur","04 SUR","Cusco","PROVINCIA",
"95700","957","","","","","","","","","","Tiendas provincia","Pendiente","19000101","","","","","","","","","","","","","","","","","","","","","","","","","","","","","","","","","","","","","","","",,"000957","Lima","","Sin Zona","PROVINCIA",
"23100","231","MM. Ucello (W)","","","","","","","","","Tiendas provincia","Pendiente","19000101","","","","","","","","","","","","","","","","","","","","","","","","","","","","","","","","","","","","","","","",,"000231","Lima","","Sin Zona","PROVINCIA",
"34200","342","Tacna Coronel Mendoza","90405","R3","Región Sur","34001","PTCQ","Plaza Tacna","98900","TP","Tiendas Provincia","Activa","20090803","","AV. CORONEL MENDOZA N° 1874","TACNA","TACNA","TACNA","Sur","3420300000","SBS 1773-2009","20090312","002-461","Alquilada","Tienda Financiera","Calle","Normal","L a V de 9:00am a 6:00pm / S de 9:00am a 1:00pm","TIENDA TACNA CORONEL MENDOZA","sin Embozadora","NO","Normal","220101","SI","20140717","T","1","1","-17.999973000000001","-70.238439","586","4222Y","","","","","","","","","20210503","08:46:44.2470000",,"000342","Sur","04 SUR","Tacna","PROVINCIA",
"15700","157","San Juan de Miraflores","81300","Z7","Zona Sur","","","","82100","TL","Tiendas Lima","Activa","20071031","","AV. LOS HEROES N?492","SAN JUAN DE MIRAFLORES","LIMA","LIMA","Lima Sur","1570300000","SBS 568-2007","20070511","002-357","Alquilada","Tienda Financiera","Calle","Normal","L a V de 9:00am a 6:00pm / S de 9:00am a 1:00pm","TIENDA SAN JUAN DE MIRAFLORES","sin Embozadora","NO","Normal","140136","SI","20140628","T","1","1","-12.154216","-76.972325999999995","600","43246","","","","","","","","","20210503","08:46:44.2470000",,"000157","Lima","00 LIMA","Zona Sur","LIMA",
"61500","615","Trujillo El Chacarero","","","","60001","PTRU","Plaza Trujillo","98900","TP","Tiendas Provincia","Activa","20090617","","AV. PESQUEDA CON PROLONGACION UNION, CDRA 22, URB EL SOL DE CHACARERO","TRUJILLO","TRUJILLO","LA LIBERTAD","Norte","6150300000","SBS 2419-2009","20090408","002-459","Alquilada","Money Market","Supermercado","Money","L a D 9:00am a 9:00pm","TIENDA MM TRUJILLO EL CHACARERO","con Embozadora","SI","Normal","120101","SI","20131118","T","1","1","-8.0902242169999994","-79.006110739999997","151.53999999999999","4211T","","","","","","","","","20210503","08:46:44.2470000",,"000615","Norte","01 NORTE","Trujillo","PROVINCIA",
"71400","714","Real Plaza Piura","","","","72001","PPIU","Plaza Piura","98900","TP","Tiendas Provincia","Activa","20110531","","AV. SANCHEZ CERRO CON AV. VICE PIURA","PIURA","PIURA","PIURA","Norte","7140300000","SBS 15266-2010","20101118","002-493","Alquilada","Tienda Financiera","Centro Comercial","Horario Extendido","L a S de 10:00am a 8:00pm","TIENDA MM PIURA REAL PLAZA","con Embozadora","SI","Normal","190101","SI","20131209","T","1","1","-5.1869922089999996","-80.6419049","201","42126","","","","","","","","","20210503","08:46:44.2470000",,"000714","Norte","01 NORTE","Piura","PROVINCIA",
"57600","576","Ica Plaza del Sol","90405","R3","Región Sur","40001","PICA","Plaza Ica","98900","TP","Tiendas Provincia","Cerrada","20081213","20201231","CRUCE DE LAS AV. SAN MARTIN Y AYABACA LC-127 Y 126","ICA","ICA","ICA","Centro","5760300000","SBS 10680-2008","20081106","002-433","Alquilada","Tienda Financiera","Centro Comercial","Horario Extendido","L a S de 10:00am a 8:00pm","TIENDA ICA PLAZA DEL SOL","sin Embozadora","NO","Normal","100101","SI","20131021","T","1","1","-14.07061451","-75.728492009999997","91.359999999999999","4222U","","","","","","","","","20210503","08:46:44.2470000",,"000576","Sur","03 SUR CENTRO","Ica","PROVINCIA",
"24900","249","MM Vea Jockey Plaza","81200","Z6","Zona Moderna Este","","","","82100","TL","Tiendas Lima","Activa","20050401","","AV. JAVIER PRADO Y PANAMERICANA SUR - MONTERRICO","SURCO","LIMA","LIMA","Moderna 1","2490300000","SBS 317-2005","20050218","002-307","Alquilada","Money Market","Supermercado","Money","L a D 9:00am a 9:00pm","MM Vea JOCKEY PLAZA","con Embozadora","SI","Normal","140129","NO","19000101","T","0","","-12.084576589999999","-76.975404030000007","48","43312","","","","","","","","","20210503","08:46:44.2470000",,"000249","Lima","00 LIMA","Zona Moderna Este","LIMA",
"17300","173","Pentagonito","81200","Z6","Zona Moderna Este","","","","82100","TL","Tiendas Lima","Activa","20071231","","AV. BOULEVARD S/N CUARTEL GENERAL DEL EJERCITO","SAN BORJA","LIMA","LIMA","Moderna 1","1730300000","SBS 1682-2007","20071121","002-394","Alquilada","Tienda Cerrada","Cerrada","Cerrada","L a V de 8:00am a 5:00pm","TIENDA PENTAGONITO","sin Embozadora","NO","Normal","140140","NO","19000101","T","0","","-12.10162107","-76.987700680000003","60.770000000000003","43217","","","","","","","","","20210503","08:46:44.2470000",,"000173","Lima","00 LIMA","Zona Moderna Este","LIMA",
"37600","376","Plaza Lima Norte","80500","Z1","Zona Norte","","","","82100","TL","Tiendas Lima","Activa","20120504","","AV. ALFREDO MENDIOLA N? 1400, TDA. CS04","INDEPENDENCIA","LIMA","LIMA","Lima Norte","3760300000","SBS 2606 - 2012","20120426","002-505","Alquilada","Tienda Financiera","Centro Comercial","Horario Extendido","L a S de 9:00am a 8:00pm / D de 12:00am a 6:00pm","TIENDA PLAZA LIMA NORTE","con Embozadora","SI","Normal","140102","SI","20140620","T","1","1","-12.00699329","-77.060355650000005","282.94999999999999","4311H","","","","","","","","","20210503","08:46:44.2470000",,"000376","Lima","00 LIMA","Zona Norte","LIMA",
"24300","243","MM San Jorge","81700","Z4","Zona Este","","","","82100","TL","Tiendas Lima","Activa","20050401","","AV. LA MOLINA 926 - 930 MZ. A LT 07, URB. AMPLIACIÓN RESIDENCIAL MONTERRICO","LA MOLINA","LIMA","LIMA","Moderna 1","2430300000","SBS 317-2005","20050218","002-322","Alquilada","Money Market","Supermercado","Money","L a D 9:00am a 9:00pm","MM Vea SAN JORGE","sin Embozadora","SI","Normal","140110","NO","19000101","T","0","","-12.069846399999999","-76.957785819999998","36.700000000000003","43332","","","","","","","","","20210503","08:46:44.2470000",,"000243","Lima","00 LIMA","Zona Este","LIMA",
"30000","300","Arequipa","","","","30001","PAQP","Plaza Arequipa","98900","TP","Tiendas Provincia","Activa","19991215","","CA. MERCADERES 217","AREQUIPA","AREQUIPA","AREQUIPA","Sur","3000300000","SBS 1105-1999","19991215","002-086","Propia","Tienda Financiera","Calle","Normal","L a V de 9:00am a 6:00pm / S de 9:00am a 1:00pm","TIENDA PLAZA AREQUIPA","con Embozadora","NO","Normal","40101","SI","20131028","T","1","2","-16.398799","-71.534616999999997","1868","42214","","","","","","","","","20210503","08:46:44.2470000",,"000300","Arequipa","04 SUR","Arequipa","PROVINCIA",
"19900","199","","","","","","","","","","Tiendas provincia","Pendiente","19000101","","","","","","","","","","","","","","","","","","","","","","","","","","","","","","","","","","","","","","","",,"000199","00 LIMA","00 LIMA","LIMA","PROVINCIA",
"64200","642","Empresarial San Isidro","96200","Z5","Zona 5","","","","82100","TL","Tiendas Lima","Cerrada","20150209","20190105","Av. Víctor Andres Belaunde N° 220","SAN ISIDRO","LIMA","LIMA","","6420300000","SBS 6618 - 2014","20141007","0","Alquilada","Tienda Financiera","Calle","Normal","L a V de 9:00am a 6:00pm/S de 9:00am a 1:00pm","TIENDA NUEVA BELAUNDE","","","Nació siendo Imagine","140112","SI","20150209","T","1","1","-12.095776000000001","-77.037165999999999","268.68000000000001","4321A","","","","","","","","","20210503","08:46:44.2470000",,"000642","Lima","","Zona Moderna Oeste","LIMA",
"33400","334","ME Arequipa","","","","","","","","","Tiendas provincia","Pendiente","19000101","","","","","","","","","","","","","","","","","","","","","","","","","","","","","","","","","","","","","","","",,"000334","Sur","04 SUR","Arequipa","PROVINCIA",
"36500","365","Raúl Ferrero","81200","Z6","Zona Moderna Este","","","","82100","TL","Tiendas Lima","Activa","20140113","","AV. RAUL FERRERO MZ. D2, LOTE 17, URB. REMANSO DE LA MOLINA, I ETAPA","LA MOLINA","LIMA","LIMA","","3650300000","SBS 7080 - 2013","20131202","002-539","Alquilada","Tienda Financiera","Calle","Normal","L a V de 9:00am a 6:00pm / S de 9:00am a 1:00pm","TIENDA RAUL FERRERO","","","Nació siendo Imagine","140110","SI","20140113","T","1","1","-12.091090749999999","-76.952264409999998","451.92000000000002","43225","","","","","","","","","20210503","08:46:44.2470000",,"000365","Lima","00 LIMA","Zona Moderna Este","LIMA",
"50000","500","Huancayo","90403","R2","Región Centro","50001","PJUN","Plaza Junin","98900","TP","Tiendas Provincia","Activa","20081202","","CALLE REAL 640-642-644","HUANCAYO","HUANCAYO","JUNIN","Centro","5000300000","SBS 11850-2008","20081202","002-058","Propia","Tienda Financiera","Calle","Normal","L a V de 9:00am a 6:00pm / S de 9:00am a 1:00pm","TIENDA PLAZA HUANCAYO","con Embozadora","NO","Normal","110101","SI","20131111","T","1","1","-12.069710000000001","-75.209455000000005","908","4222D","","","","","","","","","20210503","08:46:44.2470000",,"000500","Centro","03 SUR CENTRO","Junin","PROVINCIA",
"97000","970","","","","","","","","","","Tiendas provincia","Pendiente","19000101","","","","","","","","","","","","","","","","","","","","","","","","","","","","","","","","","","","","","","","",,"000970","Lima","","Sin Zona","PROVINCIA",
"49100","491","MM Vea Zárate","81700","Z4","Zona 4","","","","82100","TL","Tiendas Lima","Cerrada","20090526","20180611","AV. LURIGANCHO Y CALLE LOS REGADORES","SAN JUAN DE LURIGANCHO","LIMA","LIMA","Lima Este","4910300000","SBS 2419-2009","20090408","002-456","Alquilada","Money Market","Supermercado","Money","L a D 9:00am a 9:00pm","MM Vea ZARATE","con Embozadora","SI","Normal","140137","NO","19000101","T","0","","-12.016387","-76.992750999999998","125.88","43329","","","","","","","","","20210503","08:46:44.2470000",,"000491","Lima","00 LIMA","Zona Este","LIMA",
"25900","259","MM Vivanda Javier Prado","82000","Z2","Zona Oeste","","","","82100","TL","Tiendas Lima","Activa","20080722","","AV. JAVIER PRADO OESTE N° 999","MAGDALENA","LIMA","LIMA","Moderna 2","2590300000","SBS 1792-2008","20080530","002-412","Alquilada","Money Market","Supermercado","Money","L a D 9:00am a 9:00pm","MM VIVIANDA JAVIER PRADO","sin Embozadora","SI","Normal","140112","NO","19000101","T","0","","-12.093427","-77.057997999999998","25.82","43336","","","","","","","","","20210503","08:46:44.2470000",,"000259","Lima","00 LIMA","Zona Oeste","LIMA",
"21600","216","TF Limatambo","81200","Z6","Zona Moderna Este","","","","82100","TL","Tiendas Lima","Activa","19970301","","Esquina Av. Aviación con Av. Angamos - LimatamboLocal LC-S101, nivel -1 del Centro Comercial Real Plaza Primavera, ubicado en Av. Angamos Este N° 2681, Mz. 1, LT B-1, Conjunto Habitacional Torres de Limatambo","SAN BORJA","LIMA","LIMA","Moderna 1","2160300000","SBS 099-1997","18991230","002-253","Alquilada","Tienda Financiera","Centro Comercial","Horario Extendido","L a V de 9:00am a 7:00pm / S de 9:00am a 2:00pm","MM Vea LIMATAMBO","sin Embozadora","SI","Normal","140140","NO","19000101","T","0","","-12.109885999999999","-77.002647999999994","48.049999999999997","43321","","","","","","","","","20210503","08:46:44.2470000",,"000216","Lima","00 LIMA","Zona Moderna Este","LIMA",
"38800","388","MM Vea Colonial","82000","Z2","Zona Oeste","","","","82100","TL","Tiendas Lima","Activa","20091203","","AV. OSCAR R. BENAVIDES N° 4929 - ANTES AV COLONIAL","BELLAVISTA","CALLAO","CALLAO","Callao","3880300000","SBS 12996-2009","20090915","002-464","Alquilada","Money Market","Supermercado","Money","L a D 9:00am a 9:00pm","MM Vea COLONIAL","con Embozadora","SI","Normal","140101","NO","19000101","T","0","","-12.051975000000001","-77.092394999999996","43.450000000000003","4334A","","","","","","","","","20210503","08:46:44.2470000",,"000388","Lima","00 LIMA","Zona Oeste","LIMA",
"34400","344","Mercado de Productores","81700","Z4","Zona 4","","","","82100","TL","Tiendas Lima","Cerrada","20081106","20160229","AV DE LA CULTURA N° 701","SANTA ANITA","LIMA","LIMA","Lima Este","","SBS 10680-2008","20081106","002-425","Alquilada","Tienda Financiera","Calle","Normal","L a V de 9:00am a 6:00pm / S de 9:00am a 1:00pm","MERCADO DE PRODUCTORES","sin Embozadora","NO","Normal","140143","NO","19000101","T","","","","","","","","","","","","","","","20210503","08:46:44.2470000",,"000344","Lima","00 LIMA","Zona Este","LIMA",
"10400","104","Las Gardenias","","","","","","","","","Tiendas provincia","Pendiente","19000101","","","","","","","","","","","","","","","","","","","","","","","","","","","","","","","","","","","","","","","",,"000104","Lima","00 LIMA","Sin Zona","PROVINCIA",
"51200","512","Huancayo El Tambo","90403","R2","Región Centro","50001","PJUN","Plaza Junin","98900","TP","Tiendas Provincia","Activa","20071221","","AV. MARISCAL CASTILLA N?1610 Y  JR.FAUSTINO QUISPE N?474","EL TAMBO","HUANCAYO","JUNIN","Centro","5120300000","SBS 1863-2007","20071218","002-400","Alquilada","Tienda Financiera","Calle","Normal","L a V de 9:00am a 6:00pm / S de 9:00am a 1:00pm","TIENDA HUANCAYO EL TAMBO","con Embozadora","NO","Normal","110113","SI","20131111","T","1","1","-12.053165999999999","-75.219748999999993","285","4222O","","","","","","","","","20210503","08:46:44.2470000",,"000512","Centro","03 SUR CENTRO","Junin","PROVINCIA",
"29400","294","CC San Isidro","96200","Z5","Zona 5","","","","82100","TL","Tiendas Lima","Cerrada","20041126","20200529","AV. PASEO DE LA REPUBLICA # 3440 LOCAL B35","SAN ISIDRO","LIMA","LIMA","Moderna 1","2940300000","SBS 1840-2004","20041108","002-295","Alquilada","Tienda Financiera","Centro Comercial","Normal","L a V de 9:00am a 6:00pm / S de 9:00am a 1:00pm","MM SAN ISIDRO","sin Embozadora","NO","Normal","140112","NO","19000101","T","0","","-12.097493999999999","-77.026736999999997","65.909999999999997","43326","","","","","","","","","20210503","08:46:44.2470000",,"000294","Lima","00 LIMA","Zona Moderna Oeste","LIMA",
"27200","272","Libertadores","96200","Z5","Zona 5","","","","82100","TL","Tiendas Lima","Cerrada","20091106","20180908","CALLE LOS LIBERTADORES N° 594-596","SAN ISIDRO","LIMA","LIMA","Moderna 1","2720300000","SBS 11063-2009","20090818","002-463","Alquilada","Tienda Financiera","Calle","Horario Extendido","L a V de 9:00am a 7:00pm / S de 9:00am a 2:00pm","MM VIVANDA LIBERTADORES","sin Embozadora","NO","Normal","140112","NO","19000101","T","0","","-12.103804","-77.037957000000006","67","4333B","","","","","","","","","20210503","08:46:44.2470000",,"000272","Lima","00 LIMA","Zona Moderna Oeste","LIMA",
"16300","163","Ate","81700","Z4","Zona 4","","","","82100","TL","Tiendas Lima","Cerrada","20071206","20200430","LT.16 MZ.C - ASOC.PRO-VIVIENDA PORVENIR VITARTE","ATE - VITARTE","LIMA","LIMA","Lima Este","1630300000","SBS 1682-2007","20071121","002-391","Alquilada","Tienda Financiera","Calle","Normal","L a V de 9:00am a 6:00pm / S de 9:00am a 1:00pm","TIENDA ATE","sin Embozadora","NO","Normal","140103","NO","19000101","T","1","1","-12.029627","-76.925060500000001","150.80000000000001","4314D","","","","","","","","","20210503","08:46:44.2470000",,"000163","Lima","00 LIMA","Zona Este","LIMA",
"24600","246","MM Vea Primavera","81200","Z6","Zona Moderna Este","","","","82100","TL","Tiendas Lima","Activa","20061124","","AV. ANGAMOS # 2337","SAN BORJA","LIMA","LIMA","Moderna 1","2460300000","SBS 1365-2006","20061019","002-349","Alquilada","Money Market","Supermercado","Money","L a D 9:00am a 9:00pm","MM Vea PRIMAVERA","con Embozadora","SI","Normal","140140","NO","19000101","T","0","","-12.111525","-77.006838000000002","37.5","43343","","","","","","","","","20210503","08:46:44.2470000",,"000246","Lima","00 LIMA","Zona Moderna Este","LIMA",
"87100","871","","","","","","","","","","Tiendas provincia","Pendiente","19000101","","","","","","","","","","","","","","","","","","","","","","","","","","","","","","","","","","","","","","","",,"000871","Lima","","Sin Zona","PROVINCIA",
"36400","364","La Fontana","83200","Z10","Zona 10","","","","82100","TL","Tiendas Lima","Cerrada","20091209","20160331","AV JAVIER PRADO ESTE N° 5243 URN CAMACHO","LA MOLINA","LIMA","LIMA","Moderna 1","","SBS 11063-2009","20090818","002-467","Alquilada","Tienda Financiera","Calle","Normal","L a V de 9:00am a 6:00pm / S de 9:00am a 1:00pm","LA FONTANA","sin Embozadora","NO","Normal","140110","SI","20131106","T","","","-12.0779076","-76.967293999999995","","4323E","","","","","","","","","20210503","08:46:44.2470000",,"000364","Lima","00 LIMA","Lima","LIMA",
"77500","775","MM Talara Vea Mall","90414","R1","Región Norte","","","","98900","TP","Tiendas Provincia","Cerrada","20151218","20191231","AV. IGNACIO MERINO, PARCELA A, LOTE N° 2, LOCALES N° 10-11","PARIÑAS","TALARA","PIURA","","7750300000","SBS 6597 - 2015","20151102","002-556","Alquilada","Money Market","Supermercado","Money","L a D 9:00am a 9:00pm","MM Vea TALARA","con Embozadora","","Nació siendo Imagine","190701","SI","19000101","T","0","","-4.5872153000000004","-81.258686699999998","52.299999999999997","4212P","","","","","","","","","20210503","08:46:44.2470000",,"000775","Norte","","Talara","PROVINCIA",
"47600","476","TF USMP-Marsano","","","","","","","","","Tiendas lima","Pendiente","19000101","","","","","","","","","","","","","","","","","","","","","","","","","","","","","","","","","","","","","","","",,"000476","Lima","","Zona Moderna Oeste","LIMA",
"99600","996","","","","","","","","","","Tiendas provincia","Pendiente","19000101","","","","","","","","","","","","","","","","","","","","","","","","","","","","","","","","","","","","","","","",,"000996","Lima","","Sin Zona","PROVINCIA",
"76700","767","Real Plaza Cajamarca","","","","70001","PCH","Plaza Chiclayo","98900","TP","Tiendas Provincia","Activa","20140113","","AV. EVITAMIENTO NORTE, LOTE A1, LOCAL B-04","CAJAMARCA","CAJAMARCA","CAJAMARCA","","7670300000","SBS 7080 - 2013","20131202","002-535","Alquilada","Tienda Financiera","Centro Comercial","Horario Extendido","L a S de 10:00am a 8:00pm","TIENDA REAL PLAZA CAJAMARCA","","","Nació siendo Imagine","60101","SI","20140116","T","1","1","-7.1544840000000001","-78.505386000000001","189.94","4212F","","","","","","","","","20210503","08:46:44.2470000",,"000767","Norte","01 NORTE","Cajamarca","PROVINCIA",
"53700","537","Chancay","90403","R2","Región Centro","52701","PNC","Plaza Norte chico","98900","TP","Tiendas Provincia","Activa","20120511","","CA. TENIENTE PRÍNGALES N° 112, PRIMER PISO","CHANCAY","HUARAL","LIMA","Centro","5370300000","SBS 2606 - 2012","20120426","002-503","Alquilada","Tienda Financiera","Calle","Normal","L a V de 9:00am a 6:00pm / S de 9:00am a 1:00pm","TIENDA CHANCAY","sin Embozadora","NO","Normal","140807","NO","19000101","T","0","","-11.566509","-77.269123070000006","120","42129","","","","","","","","","20210503","08:46:44.2470000",,"000537","Centro","02 NORTE CENTRO","Norte chico","PROVINCIA",
"61400","614","Trujillo Open Plaza","","","","60001","PTRU","Plaza Trujillo","98900","TP","Tiendas Provincia","Activa","20081223","","AV AMERICA NORTE N° 1245- URB. LOS JARDINES","TRUJILLO","TRUJILLO","LA LIBERTAD","Norte","6140300000","SBS 100-2009","20090107","002-449","Alquilada","Tienda Financiera","Centro Comercial","Horario Extendido","L a S de 10:00am a 8:00pm","TIENDA TRUJILLO OPEN PLAZA","sin Embozadora","NO","Normal","120101","SI","20131118","T","1","1","-8.0943886389999999","-79.023374390000001","283.25","4211R","","","","","","","","","20210503","08:46:44.2470000",,"000614","Norte","01 NORTE","Trujillo","PROVINCIA",
"17000","170","Villa Maria del Triunfo","81300","Z7","Zona Sur","","","","82100","TL","Tiendas Lima","Activa","20070613","","AV. PACHACUTEC N?243-233","VILLA MARIA DEL TRIUNFO","LIMA","LIMA","Lima Sur","1700300000","SBS 568-2007","20070511","002-355","Propia","Tienda Financiera","Calle","Normal","L a V de 9:00am a 6:00pm / S de 9:00am a 1:00pm","TIENDA VILLA MARIA DEL TRIUNFO","sin Embozadora","NO","Normal","140132","SI","20140704","T","1","1","-12.16787792","-76.950620560000004","187","43249","","","","","","","","","20210503","08:46:44.2470000",,"000170","Lima","00 LIMA","Zona Sur","LIMA",
"04800","048","Fiori","80500","Z1","Zona Norte","","","","82100","TL","Tiendas Lima","Activa","19820101","","C.C. FIORI - PANAMERICANA NORTE","SAN MARTIN DE PORRES","LIMA","LIMA","Lima Norte","0480300000","SBS 414-2002","20100505","002-170","Alquilada","Tienda Financiera","Calle","Normal","L a V de 9:00am a 6:00pm / S de 9:00am a 1:00pm","TIENDA FIORI","sin Embozadora","NO","Normal","140126","SI","20131127","T","1","1","-12.0088338","-77.059896499999994","273.89999999999998","43111","","","","","","","","","20210503","08:46:44.2470000",,"000048","Lima","00 LIMA","Zona Norte","LIMA",
"17100","171","MM Jr de la Unión","82600","Z9","Zona 9","","","","82100","TL","Tiendas Lima","Cerrada","20110117","20120430","AV. JIRON DE LA UNION N° 601","LIMA - CERCADO","LIMA","LIMA","Lima Centro","","SBS 15266-2010","20101118","002-486","Alquilada","Money Market","Supermercado","Money","L a D 9:00am a 9:00pm","MM JR DE LA UNIÓN","","","Normal","140101","NO","19000101","T","","","","","","","","","","","","","","","20210503","08:46:44.2470000",,"000171","Lima","00 LIMA","","",
"26200","262","MM Vivanda Pardo","96200","Z5","Zona Moderna Oeste","","","","82100","TL","Tiendas Lima","Activa","20051214","","AV. JOSE PARDO # 715","MIRAFLORES","LIMA","LIMA","Moderna 1","2620300000","SBS 1651-2005","20051109","002-337","Alquilada","Money Market","Supermercado","Money","L a D 9:00am a 9:00pm","MM VIVANDA PARDO","sin Embozadora","SI","Normal","140107","NO","19000101","T","0","","-12.119398","-77.036086999999995","28.600000000000001","43338","","","","","","","","","20210503","08:46:44.2470000",,"000262","Lima","00 LIMA","Zona Moderna Oeste","LIMA",
"48700","487","El Ejército","81800","Z8","Zona 8","","","","82100","TL","Tiendas Lima","Cerrada","20141125","20200508","Av. El Ejército N° 396, Urb. Santa Cruz","MIRAFLORES","LIMA","LIMA","","4870300000","SBS 7080 - 2013","20131202","0","Alquilada","Tienda Financiera","Calle","Normal","L a V de 9:00am a 6:00pm / S de 9:00am a 1:00pm","TIENDA EL EJERCITO","","","Nació siendo Imagine","140107","SI","20141125","T","1","1","-12.116790999999999","-77.044781700000001","225","43243","","","","","","","","","20210503","08:46:44.2470000",,"000487","Lima","00 LIMA","Zona 8","LIMA",
"09300","093","Ovalo Santa Anita","81700","Z4","Zona Este","","","","82100","TL","Tiendas Lima","Activa","20071227","","LT.18 MZ.B-1 - CA. LAS ALONDRAS N?385","SANTA ANITA","LIMA","LIMA","Lima Este","0930300000","SBS 1682-2007","20071121","002-392","Alquilada","Tienda Financiera","Calle","Normal","L a V de 9:00am a 6:00pm / S de 9:00am a 1:00pm","TIENDA OVALO STA ANITA LAS ALONDRAS","sin Embozadora","NO","Normal","140143","SI","20131127","T","1","1","-12.053045279999999","-76.961740730000002","394","43146","","","","","","","","","20210503","08:46:44.2470000",,"000093","Lima","00 LIMA","Zona Este","LIMA",
"63400","634","Las Flores","96200","Z5","Zona Moderna Oeste","","","","82100","TL","Tiendas Lima","Cerrada","20131213","20201231","AV. DOS DE MAYO N° 1525, LOCAL 101","SAN ISIDRO","LIMA","LIMA","","6340300000","SBS 5754 - 2013","20130919","002-534","Alquilada","Tienda Financiera","Calle","Normal","L a V de 9:00am a 6:00pm / S de 9:00am a 1:00pm","TIENDA LAS FLORES - 2 DE MAYO","","","Nació siendo Imagine","140112","SI","20131213","T","1","1","-12.092621790000001","-77.046760039999995","361","4321C","","","","","","","","","20210503","08:46:44.2470000",,"000634","Lima","00 LIMA","Zona Moderna Oeste","LIMA",
"09000","090","Revolución","81300","Z7","Zona 7","","","","82100","TL","Tiendas Lima","Cerrada","20081117","20190330","AV REVOLUCION N° 1830","VILLA EL SALVADOR","LIMA","LIMA","Lima Sur","0900300000","SBS 10680-2008","20081106","002-424","Alquilada","Tienda Financiera","Calle","Normal","L a V de 9:00am a 6:30pm / S de 9:00am a 1:00pm","TIENDA REVOLUCION VES","sin Embozadora","NO","Normal","140141","NO","19000101","T","0","","-12.210037","-76.938879","140","43241","","","","","","","","","20210503","08:46:44.2470000",,"000090","Lima","00 LIMA","Zona Sur","LIMA",
"44200","442","MM El Agustino","81700","Z4","Zona 4","","","","82100","TL","Tiendas Lima","Cerrada","20151208","20191231","AV. JOSE CARLOS MARIATEGUI ESQUINA CON AV. LAS MAGNOLIAS, LOCAL 01","EL AGUSTINO","LIMA","LIMA","Lima Este","4420300000","SBS 6597 - 2015","20151102","002-555","Alquilada","Money Market","Supermercado","Money","L a D 9:00am a 9:00pm","MM EL AGUSTINO","sin Embozadora","SI","Nació siendo Imagine","140135","SI","19000101","T","0","","-12.033218460000001","-76.998139940000002","52.829999999999998","43148","","","","","","","","","20210503","08:46:44.2470000",,"000442","Lima","","Zona Este","LIMA",
"41700","417","Primavera","81200","Z6","Zona 6","","","","82100","TL","Tiendas Lima","Cerrada","20150430","20200430","AV. PRIMAVERA N° 768-770-772, URB. CHACARILLA DEL ESTANQUE","SURCO","LIMA","LIMA","","4170300000","SBS 1069 - 2015","20150310","002-561","Alquilada","Tienda Financiera","Calle","Normal","L a V de 9:00am a 6:00pm / S de 9:00am a 1:00pm","TIENDA PRIMAVERA","","","Nació siendo Imagine","140129","SI","20150430","T","1","1","-12.111007130000001","-76.985057620000006","1040","4322I","","","","","","","","","20210503","08:46:44.2470000",,"000417","Lima","","Zona Moderna Este","LIMA",
"63700","637","28 de Julio","81300","Z7","Zona Sur","","","","82100","TL","Tiendas Lima","Cerrada","20140602","20201231","ENTRE LAS AVENIDAS 28 DE JULIO Y PASEO DE LA REPUBLICA, LOCAL COMERCIAL 105, URB. SAN ANTONIO","MIRAFLORES","LIMA","LIMA","","6370300000","SBS 1948 - 2014","20140401","002-540","Alquilada","Tienda Financiera","Centro Comercial","Normal","L a V de 9:00am a 6:00pm / S de 9:00am a 1:00pm","TIENDA 28 DE JULIO","","","Nació siendo Imagine","140107","SI","20140602","T","1","1","-12.1295799","-77.022216700000001","139.75","4333C","","","","","","","","","20210503","08:46:44.2470000",,"000637","Lima","00 LIMA","Zona Sur","LIMA",
"81400","814","","","","","","","","","","Tiendas provincia","Pendiente","19000101","","","","","","","","","","","","","","","","","","","","","","","","","","","","","","","","","","","","","","","",,"000814","Lima","","Sin Zona","PROVINCIA",
"40400","404","Pisco","90405","R3","Región Sur","40001","PICA","Plaza Ica","98900","TP","Tiendas Provincia","Activa","20070911","","AV. SAN MARTIN 101","PISCO","PISCO","ICA","Centro","4040300000","SBS 1232-2007","20070911","002-057","Propia","Tienda Financiera","Calle","Normal","L a V de 9:00am a 6:00pm / S de 9:00am a 1:00pm","TIENDA PISCO","sin Embozadora","NO","Normal","100401","SI","20131021","T","1","1","-13.710035","-76.203717999999995","282.80000000000001","4222A","","","","","","","","","20210503","08:46:44.2470000",,"000404","Sur","03 SUR CENTRO","Ica","PROVINCIA",
"32200","322","Juliaca","90405","R3","Región Sur","34001","PTCQ","Plaza Tacna","98900","TP","Tiendas Provincia","Activa","20060921","","JR. MARIANO NUÑEZ 227 - 235","JULIACA","SAN ROMAN","PUNO","Sur","3220300000","SBS 1229-2006","20060921","002-278","Alquilada","Tienda Financiera","Calle","Normal","L a V de 9:00am a 6:00pm / S de 9:00am a 1:00pm","TIENDA JULIACA","sin Embozadora","NO","Normal","200901","NO","19000101","T","0","","-15.495825999999999","-70.131467000000001","278.94","4222F","","","","","","","","","20210503","08:46:44.2470000",,"000322","Sur","04 SUR","Tacna","PROVINCIA",
"71200","712","Chiclayo Real Plaza","","","","70001","PCH","Plaza Chiclayo","98900","TP","Tiendas Provincia","Activa","20051020","","AV. MIGUEL DE CERVANTES # 300 PJ - MURO DIEGO FERRE - CC.REAL PLAZA - MODULO LC 101","CHICLAYO","CHICLAYO","LAMBAYEQUE","Norte","7120300000","SBS 1574-2005","20051020","002-335","Alquilada","Tienda Financiera","Centro Comercial","Horario Extendido","L a S de 10:00am a 8:00pm","TIENDA CHICLAYO REAL PLAZA","con Embozadora","NO","Normal","130101","SI","20130923","T","1","1","-6.7764330020000001","-79.833515559999995","174.72","4211G","","","","","","","","","20210503","08:46:44.2470000",,"000712","Norte","01 NORTE","Chiclayo","PROVINCIA",
"77000","770","Piura Santa Isabel","","","","72001","PPIU","Plaza Piura","98900","TP","Tiendas Provincia","Activa","20141028","","AV. PANAMERICANA 349 MZ A LOTE 4","PIURA","PIURA","PIURA","","7700300000","SBS 5051 - 2014","20140808","002-553","Alquilada","Tienda Financiera","Calle","Normal","L a V de 9:00am a 6:00pm / S de 9:00am a 1:00pm","TIENDA PIURA SANTA ISABEL","","","Nació siendo Imagine","190101","SI","20141028","T","1","1","-5.1828630000000002","-80.630958000000007","254.69999999999999","4212N","","","","","","","","","20210503","08:46:44.2470000",,"000770","Norte","01 NORTE","Piura","PROVINCIA",
"61900","619","MM Chimbote Miramar","90403","R2","Región Centro","62001","PCHM","Plaza Chimbote","98900","TP","Tiendas Provincia","Activa","20091231","","JR. FRANCISCO BOLOGNESI N° 996 - ASENTAMIENTO HUMANO MIRAMAR BAJO CHIMBOTE","CHIMBOTE","SANTA","ANCASH","Norte","6190300000","SBS 15503-2009","20091211","002-471","Alquilada","Money Market","Supermercado","Money","L a D 9:00am a 9:00pm","MM CHIMBOTE MIRAMAR","sin Embozadora","NO","Normal","21301","NO","19000101","T","0","","-9.0783339999999999","-78.589025000000007","60.359999999999999","4211Y","","","","","","","","","20210503","08:46:44.2470000",,"000619","Norte","02 NORTE CENTRO","Chimbote","PROVINCIA",
"08400","084","México","81500","Z3","Zona Centro","","","","82100","TL","Tiendas Lima","Activa","20071106","","AV. MEXICO N? 558","LA VICTORIA","LIMA","LIMA","Lima Centro","0840300000","SBS 568-2007","20070511","002-358","Alquilada","Tienda Financiera","Calle","Normal","L a V de 9:00am a 6:00pm / S de 9:00am a 1:00pm","TIENDA LA VICTORIA","sin Embozadora","NO","Normal","140115","SI","20131211","T","1","1","-12.07522","-77.023912999999993","440","43144","","","","","","","","","20210503","08:46:44.2470000",,"000084","Lima","00 LIMA","Zona Centro","LIMA",
"43900","439","Mall del Sur","81300","Z7","Zona Sur","","","","82100","TL","Tiendas Lima","Activa","20160429","","Av. Pedro Miotta N° 1010","SAN JUAN DE MIRAFLORES","LIMA","LIMA","","4390300000","SBS 6396 - 2015","20151023","0","Alquilada","Tienda Financiera","Centro Comercial","Horario Extendido","L a S de 9:00am a 8:00pm","TF MALL DEL SUR","con Embozadora","","Nació siendo Imagine","140136","SI","19000101","T","1","1","-12.1562103","-76.982322999999994","222.81999999999999","4323L","","","","","","","","","20210503","08:46:44.2470000",,"000439","Lima","","Zona Sur","LIMA",
"11800","118","MM Vea Corpac","96200","Z5","Zona Moderna Oeste","","","","82100","TL","Tiendas Lima","Activa","20080311","","CA. REMINGTON N?151 - 159 URB. CORPAC","SAN BORJA","LIMA","LIMA","Moderna 1","1180300000","SBS 484-2008","20080305","002-407","Alquilada","Money Market","Supermercado","Money","L a D 9:00am a 9:00pm","MM Vea CORPAC","sin Embozadora","SI","Normal","140140","NO","19000101","T","0","","-12.098496000000001","-77.011486000000005","8","43341","","","","","","","","","20210503","08:46:44.2470000",,"000118","Lima","00 LIMA","Zona Moderna Oeste","LIMA",
"77300","773","TF Piura Sanchez Cerro","","","","72001","PPIU","Plaza Piura","98900","TP","Tiendas Provincia","Activa","20151214","","AV. SANCHEZ CERRO N° 1229, URB. CLUB GRAU, MZ H, LOTE 11","PIURA","PIURA","PIURA","","7730300000","SBS 6597 - 2015","20151102","002-557","Alquilada","Tienda Financiera","Calle","Normal","L a V de 9:00am a 6:00pm / S de 9:00am a 1:00pm","TIENDA PIURA SANCHEZ CERRO","sin Embozadora","","Nació siendo Imagine","190101","SI","19000101","T","1","1","-5.1910212539999998","-80.632112699999993","507.5","4212O","","","","","","","","","20210503","08:46:44.2470000",,"000773","Norte","","Piura","PROVINCIA",
"56200","562","Huánuco Real Plaza","90403","R2","Región Centro","75001","PTPP","Plaza Oriente","98900","TP","Tiendas Provincia","Activa","20130103","","JR. INDEPENDENCIA CDRAS. 16-17, LAS MORAS, LOCAL B-05","HUANUCO","HUANUCO","HUANUCO","Centro","5620300000","SBS 8593 - 2012","20121112","002-521","Alquilada","Tienda Financiera","Centro Comercial","Horario Extendido","L a S de 10:00am a 8:00pm","TIENDA REAL PLAZA HUANUCO","sin Embozadora","NO","Normal","90101","SI","20130816","T","1","1","-9.9198638209999999","-76.24095896","217.71000000000001","4221K","","","","","","","","","20210503","08:46:44.2470000",,"000562","Centro","03 SUR CENTRO","Junin","PROVINCIA",
"72000","720","Piura","","","","72001","PPIU","Plaza Piura","98900","TP","Tiendas Provincia","Activa","19991215","","AV. GRAU 154","PIURA","PIURA","PIURA","Norte","7200300000","SBS 1105-1999","19991215","002-009","Propia","Tienda Financiera","Calle","Normal","L a V de 9:00am a 6:00pm / S de 9:00am a 1:00pm","TIENDA PLAZA PIURA","sin Embozadora","NO","Normal","190101","SI","20131209","T","1","2","-5.1960881820000004","-80.627200490000007","1475.6199999999999","42122","","","","","","","","","20210503","08:46:44.2470000",,"000720","Norte","01 NORTE","Piura","PROVINCIA",
"36300","363","Santa Luzmila","80500","Z1","Zona 1","","","","82100","TL","Tiendas Lima","Cerrada","20121105","20161231","AV. UNIVERSITARIA NORTE N° 7091-7095-7099, LOTE 001, URB. SANTA CATALINA  ZONAL 06","COMAS","LIMA","LIMA","Lima Norte","3630300000","SBS 6954 - 2012","20120912","002-513","Alquilada","Tienda Financiera","Calle","Normal","L a V de 9:00am a 6:00pm / S de 9:00am a 1:00pm","TIENDA SANTA LUZMILA","sin Embozadora","NO","Normal","140104","SI","20140625","T","1","1","-11.900665999999999","-77.040026999999995","500.60000000000002","4311I","","","","","","","","","20210503","08:46:44.2470000",,"000363","Lima","00 LIMA","Zona Norte","LIMA",
"52200","522","Huaral","90403","R2","Región Centro","52701","PNC","Plaza Norte chico","98900","TP","Tiendas Provincia","Activa","20091030","","AV. EL SOLAR 399","HUARAL","HUARAL","LIMA","Centro","5220300000","SBS 14294-2009","20091030","002-075","Propia","Tienda Financiera","Calle","Normal","L a V de 9:00am a 6:00pm / S de 9:00am a 1:00pm","TIENDA HUARAL","sin Embozadora","NO","Normal","140801","SI","20140821","T","1","1","-11.494953150000001","-77.207101550000004","355.14999999999998","4211B","","","","","","","","","20210503","08:46:44.2470000",,"000522","Centro","02 NORTE CENTRO","Norte chico","PROVINCIA",
"61300","613","Trujillo La Esperanza","90414","R1","Región Norte","60001","PTRU","Plaza Trujillo","98900","TP","Tiendas Provincia","Cerrada","20081202","20180414","PUEBLO JOVEN LA ESPERANZA, SECTOR CENTRAL, BARIIO 3, MZ. 24, LOTE 16","HUANCHACO","TRUJILLO","LA LIBERTAD","Norte","6130300000","SBS 14294-2009","20091030","002-429","Alquilada","Tienda Financiera","Calle","Normal","L a V de 9:00am a 6:30pm / S de 9:00am a 1:30pm","TIENDA TRUJILLO LA ESPERANZA","sin Embozadora","NO","Normal","120104","NO","19000101","T","0","","-8.0529829999999993","-79.059552999999994","135.90000000000001","4211Q","","","","","","","","","20210503","08:46:44.2470000",,"000613","Norte","01 NORTE","Trujillo","PROVINCIA",
"76200","762","Tarapoto Ramón Castilla","90403","R2","Región Centro","75001","PTPP","Plaza Oriente","98900","TP","Tiendas Provincia","Cerrada","20121214","20210331","JR. RAMON CASTILLA N° 284","TARAPOTO","SAN MARTIN","SAN MARTIN","Centro","7620300000","SBS 8058 - 2012 SBS 8593 - 2012","18991230","002-517","Alquilada","Tienda Financiera","Calle","Normal","L a V de 9:00am a 6:00pm / S de 9:00am a 1:00pm","TIENDA TARAPOTO - RAMON CASTILLA","sin Embozadora","NO","Normal","210601","NO","19000101","T","1","1","-6.4880649999999997","-76.362495999999993","249.88","42311","","","","","","","","","20210503","08:46:44.2470000",,"000762","Centro","02 NORTE CENTRO","Oriente","PROVINCIA",
"34500","345","MM Vea Alfonso Ugarte","81500","Z3","Zona Centro","","","","82100","TL","Tiendas Lima","Activa","20081213","","AV URUGUAY N° 568-579-596 Y AV. ALFONSO UGARTE N° 1103-1107-1113-1129-1171-1179","BREÑA","LIMA","LIMA","Lima Centro","3450300000","SBS 12502-2008","20081212","002-444","Alquilada","Money Market","Supermercado","Money","L a D 9:00am a 9:00pm","MM Vea ALFONSO UGARTE","con Embozadora","SI","Normal","140104","NO","19000101","T","0","","-12.054","-77.041650000000004","48","43349","","","","","","","","","20210503","08:46:44.2470000",,"000345","Lima","00 LIMA","Zona Centro","LIMA",
"12200","122","Bolívar","82000","Z2","Zona Oeste","","","","82100","TL","Tiendas Lima","Activa","20081204","","AV BOLIVAR N° 970 Y N° 970 B","PUEBLO LIBRE","LIMA","LIMA","Moderna 2","1220300000","SBS 9747-2008","20080930","002-432","Alquilada","Tienda Financiera","Calle","Normal","L a V de 9:00am a 6:00pm / S de 9:00am a 1:00pm","TIENDA BOLIVAR","sin Embozadora","NO","Normal","140107","SI","20131015","T","1","1","-12.071809350000001","-77.063627240000002","436.64999999999998","4313A","","","","","","","","","20210503","08:46:44.2470000",,"000122","Lima","00 LIMA","Zona Oeste","LIMA",
"64300","643","La Rambla Brasil","81500","Z3","Zona Centro","","","","82100","TL","Tiendas Lima","Activa","20141115","","AV. BRASIL N° 714 AL N° 792, JR. CENTENARIO N° 100 y AV JUAN PABLO FERNANDINI N° 767 PRIMER PISO LOCAL 101 y 102","BREÑA","LIMA","LIMA","","6430300000","SBS 6618 - 2014","20141007","002-551","Alquilada","Tienda Financiera","Centro Comercial","Horario Extendido","L a V de 10:00 a.m. a 8:00 p.m. / S de 10:00 a.m. a 2:00 p.m.","TIENDA LA RAMBLA BRASIL","","NO","Nació siendo Imagine","140104","SI","20141115","T","1","1","-12.06692292","-77.047336999999999","286.92000000000002","4331G","","","","","","","","","20210503","08:46:44.2470000",,"000643","Lima","00 LIMA","Zona Centro","LIMA",
"24700","247","MM Vea Brasil","81500","Z3","Zona Centro","","","","82100","TL","Tiendas Lima","Activa","20050401","","AV. BRASIL CDRA. 15 JESÚS MARÍA","JESUS MARIA","LIMA","LIMA","Moderna 2","2470300000","SBS 317-2005","20050218","002-273","Alquilada","Money Market","Supermercado","Money","L a D 9:00am a 9:00pm","MM Vea BRASIL","con Embozadora","SI","Normal","140133","NO","19000101","T","0","","-12.07506482","-77.053358000000003","44.359999999999999","43344","","","","","","","","","20210503","08:46:44.2470000",,"000247","Lima","00 LIMA","Zona Centro","LIMA",
"40800","408","Ica San José","90405","R3","Región Sur","40001","PICA","Plaza Ica","98900","TP","Tiendas Provincia","Cerrada","20090604","20191231","SUB LOTE E.U. B-3 DEL FUNDO DE ICA","ICA","ICA","ICA","Centro","4080300000","SBS 2419-2009","20090408","002-458","Alquilada","Money Market","Supermercado","Money","L a D 9:00am a 9:00pm","MM ICA SAN JOSE","con Embozadora","SI","Normal","100101","SI","20131021","T","1","1","-14.07202457","-75.737357790000004","154.62","4222X","","","","","","","","","20210503","08:46:44.2470000",,"000408","Sur","03 SUR CENTRO","Ica","PROVINCIA",
"74500","745","Iquitos Belén","90403","R2","Región Centro","75001","PTPP","Plaza Oriente","98900","TP","Tiendas Provincia","Cerrada","20081107","20201231","JR 9 DE DICIEMBRE N ° 333, BELEN - ZONA URBANA","IQUITOS","MAYNAS","LORETO","Centro","7450300000","SBS 9747-2008","20080930","002-421","Alquilada","Tienda Financiera","Calle","Normal","L a V de 9:00am a 6:00pm / S de 9:00am a 1:00pm","TIENDA IQUITOS BELEN","sin Embozadora","NO","Normal","150101","NO","19000101","T","0","","-3.7577913970000001","-73.249871189999993","145","4222Q","","","","","","","","","20210503","08:46:44.2470000",,"000745","Centro","02 NORTE CENTRO","Oriente","PROVINCIA",
"29100","291","Aramburu","96200","Z5","Zona Moderna Oeste","","","","82100","TL","Tiendas Lima","Cerrada","20050328","20210331","AV. ARAMBURU 898 ESQ. CA. LAS TIENDAS","SURQUILLO","LIMA","LIMA","Moderna 2","2910300000","SBS 317-2005","20050218","002-258","Alquilada","Tienda Financiera","Calle","Normal","L a V de 9:00am a 6:00pm / S de 9:00am a 1:00pm","TIENDA ARAMBURU","sin Embozadora","NO","Normal","140131","NO","19000101","T","0","","-12.102378","-77.021161000000006","134.97999999999999","4322D","","","","","","","","","20210503","08:46:44.2470000",,"000291","Lima","00 LIMA","Zona Moderna Oeste","LIMA",
"46100","461","TF Mega Industrial Arequipa","","","","30001","PAQP","Plaza Arequipa","98900","TP","Tiendas Provincia","Cerrada","20170106","20201231","Calle Jacinto Ibañez N° 315, Urbanización Parque Industrial","CERCADO DE AREQUIPA","AREQUIPA","AREQUIPA","","4610300000","SBS 5197 - 2016","20160930","002-563","ALQUILADA","Tienda Financiera","Centro Comercial","Normal","L a V de 09:00 am a 06:00 pm/S 09:00 AM -01:00 PM","TF Mega Industrial Arequipa","Sin Embozadora","NO","","","SI","19000101","T","0","0","-16.419023200000002","-71.543664449999994","381","","","","","","","","","","20210503","08:46:44.2470000",,"000461","Arequipa","","Arequipa","PROVINCIA",
"12000","120","Caqueta","80500","Z1","Zona 1","","","","82100","TL","Tiendas Lima","Cerrada","20080711","20130228","AV.CAQUETA N°900-902-920 Y TOMAS MOLLA N°698 RIMAC","RIMAC","LIMA","LIMA","Lima Centro","","SBS 1792-2008","20080530","002-414","Alquilada","Tienda Financiera","Calle","Normal","L a V de 9:00am a 6:00pm / S de 9:00am a 1:00pm","CAQUETA","","","Normal","140122","NO","19000101","T","","","","","","","","","","","","","","","20210503","08:46:44.2470000",,"000120","Lima","00 LIMA","Zona Norte","LIMA",
"73600","736","Paita","","","","72001","PPIU","Plaza Piura","98900","TP","Tiendas Provincia","Activa","20081222","","JR. PLAZA DE ARMAS N° 180","PAITA","PAITA","PIURA","Norte","7360300000","SBS 12502-2008","20081212","002-447","Propia","Tienda Financiera","Calle","Normal","L a V de 9:00am a 6:00pm / S de 9:00am a 1:00pm","TIENDA PAITA","sin Embozadora","NO","Normal","190501","NO","19000101","T","1","1","-5.0847994940000003","-81.113719040000007","487","4211S","","","","","","","","","20210503","08:46:44.2470000",,"000736","Norte","01 NORTE","Piura","PROVINCIA",
"14800","148","Belaunde","80500","Z1","Zona Norte","","","","82100","TL","Tiendas Lima","Cerrada","20070926","20210331","AV. VICTOR ANDRES BELAUNDE OESTE N? 239-241- 243 MZ.R LOTE 8","COMAS","LIMA","LIMA","Lima Norte","1480300000","SBS 568-2007","20070511","002-364","Alquilada","Tienda Financiera","Calle","Normal","L a V de 9:00am a 6:00pm / S de 9:00am a 1:00pm","TIENDA COMAS BELAUNDE","sin Embozadora","NO","Normal","140104","SI","20140627","T","1","1","-11.939524499999999","-77.051446619999993","310","43118","","","","","","","","","20210503","08:46:44.2470000",,"000148","Lima","00 LIMA","Zona Norte","LIMA",
"45000","450","LA CURVA VMT","81300","Z7","Zona Sur","","","","82100","TL","Tiendas Lima","Activa","20170520","","Local LV - 108, en Av. Pachacútec N° 3721 - 3781, César Vallejo - Nueva Esperanza","VILLA MARIA DEL TRIUNFO","LIMA","LIMA","Lima Sur","4500300000","SBS 1571 - 2017","20170419","002-562","Alquilada","Tienda Financiera","Calle","Normal","L a S de 10:00 a.m. a 8:00 p.m.","","sin Embozadora","SI","Normal","140132","SI","20170520","T","","","-12.180984","-76.942474000000004","230","","","","","","","","","","20210503","08:46:44.2470000",,"000450","Lima","","Zona Sur","LIMA",
"52300","523","Barranca","90403","R2","Región Centro","52701","PNC","Plaza Norte chico","98900","TP","Tiendas Provincia","Activa","19991215","","JR. JOSE GALVEZ ESQ. C/ BOLOGNESI 386","BARRANCA","BARRANCA","LIMA","Centro","5230300000","SBS 1105-1999","19991215","002-077","Propia","Tienda Financiera","Calle","Normal","L a V de 9:00am a 6:00pm / S de 9:00am a 1:00pm","TIENDA BARRANCA","sin Embozadora","NO","Normal","140901","SI","20140823","T","1","1","-10.753162","-77.759600000000006","358","42118","","","","","","","","","20210503","08:46:44.2470000",,"000523","Centro","02 NORTE CENTRO","Norte chico","PROVINCIA",
"37900","379","Atocongo","81300","Z7","Zona 7","","","","82100","TL","Tiendas Lima","Cerrada","20081215","20191231","AV CIRCUNVALACION N° 1803","SAN JUAN DE MIRAFLORES","LIMA","LIMA","Lima Sur","3790300000","SBS 12502-2008","20081212","002-440","Alquilada","Tienda Financiera","Centro Comercial","Normal","L a V de 9:00 a.m. a 7:00 p.m. / S de 9:00 a.m. a 2:00 p.m.","TIENDA ATOCONGO","sin Embozadora","NO","Normal","140136","SI","20131030","T","1","1","-12.14710416","-76.981715129999998","199.91","4324D","","","","","","","","","20210503","08:46:44.2470000",,"000379","Lima","00 LIMA","Zona Sur","LIMA",
"14500","145","ME Lap","82000","Z2","Zona Oeste","","","","82100","TL","Tiendas Lima","Activa","20050131","","AV. E. FAUCETT S/N - AEROPUERTI INTERNACIONAL JORGE CHAVEZ","CALLAO","CALLAO","CALLAO","Callao","1450300000","SBS 115-2005","20050121","002-327","Alquilada","Money Exchange","Centro Comercial","Money","L a D de 12:00am a 12:00am","ME LAP","sin Embozadora","SI","Normal","101","NO","19000101","T","0","","-12.022157","-77.107801690000002","56","","","","","","","","","","20210503","08:46:44.2470000",,"000145","Lima","00 LIMA","Zona Oeste","LIMA",
"28100","281","CTV Real Plaza Pro-Unicachi","","","","","","","","","Tiendas provincia","Pendiente","19000101","","","","","","","","","","","","","","","","","","","","","","","","","","","","","","","","","","","","","","","",,"000281","Lima","","Sin Zona","PROVINCIA",
"32000","320","Puno","90405","R3","Región Sur","34001","PTCQ","Plaza Tacna","98900","TP","Tiendas Provincia","Activa","20090330","","JR. LIMA 401","PUNO","PUNO","PUNO","Sur","3200300000","SBS 2050-2009","20090330","002-102","Alquilada","Tienda Financiera","Calle","Normal","L a V de 9:00am a 6:00pm / S de 9:00am a 1:00pm","TIENDA PUNO","sin Embozadora","NO","Normal","200101","SI","20140724","T","1","1","-15.839169999999999","-70.027923000000001","385","42224","","","","","","","","","20210503","08:46:44.2470000",,"000320","Sur","04 SUR","Tacna","PROVINCIA",
"73700","737","Open Plaza Piura","90414","R1","Región Norte","72001","PPIU","Plaza Piura","98900","TP","Tiendas Provincia","Cerrada","20120504","20201231","AV. ANDRES AVELINO CACERES N° 147, URB. MIRAFLORES","CASTILLA","PIURA","PIURA","Norte","7370300000","SBS 2606 - 2012","20120426","002-504","Alquilada","Tienda Financiera","Centro Comercial","Horario Extendido","L a S de 10:00am a 8:00pm","TIENDA OPEN PLAZA PIURA","sin Embozadora","NO","Normal","190103","SI","20131209","T","1","1","-5.1822476049999997","-80.622513909999995","200","42128","","","","","","","","","20210503","08:46:44.2470000",,"000737","Norte","01 NORTE","Piura","PROVINCIA",
"63300","633","UTP","82600","Z9","Zona 9","","","","82100","TL","Tiendas Lima","Cerrada","20130403","20161031","AV. PETIT THOUARS N° 315, TRANSVERSAL A CORPANCHO","LIMA - CERCADO","LIMA","LIMA","","6330300000","SBS 236 - 2013","18991230","002-528","Alquilada","Tienda Cerrada","Cerrada","Cerrada","L a V de 10:00am a 7:30pm","TIENDA UTP","","NO","Normal","140101","NO","19000101","T","0","","-12.067492","-77.035467999999995","37","43139","","","","","","","","","20210503","08:46:44.2470000",,"000633","Lima","00 LIMA","","",
"01100","011","Petit Thouars","81500","Z3","Zona Centro","","","","82100","TL","Tiendas Lima","Activa","19741001","","AV. PETIT THOUARS 2100","LINCE","LIMA","LIMA","Moderna 2","0110300000","SBS 1105-1999","19991215","002-137","Propia","Tienda Financiera","Calle","Normal","L a V de 9:00am a 6:30pm / S de 9:00am a 1:00pm","TIENDA PETIT THOUARS","sin Embozadora","NO","Normal","140111","NO","19000101","T","1","1","-12.085694999999999","-77.033303000000004","273","43133","","","","","","","","","20210503","08:46:44.2470000",,"000011","Lima","00 LIMA","Zona Centro","LIMA",
"29500","295","Norte","80500","Z1","Zona 1","","","","82100","TL","Tiendas Lima","Cerrada","20050323","20160229","AV. CARLOS IZAGUIRRE # 287-289","INDEPENDENCIA","LIMA","LIMA","Lima Norte","","SBS 14294-2009","20091030","002-326","Alquilada","Tienda Financiera","Calle","Normal","L a V de 9:00am a 6:00pm / S de 9:00am a 1:00pm","NORTE","sin Embozadora","NO","Normal","140102","SI","20131210","T","","","","","","","","","","","","","","","20210503","08:46:44.2470000",,"000295","Lima","00 LIMA","Zona Norte","LIMA",
"29700","297","Aurora","96200","Z5","Zona Moderna Oeste","","","","82100","TL","Tiendas Lima","Activa","20041209","","JR. ARIAS SCHREIBER # 202 - TDAS. A Y B DEL CC.AURORA","MIRAFLORES","LIMA","LIMA","Moderna 1","2970300000","SBS 1840-2004","20041108","002-293","Alquilada","Tienda Financiera","Calle","Normal","L a V de 9:00am a 6:00pm / S de 9:00am a 1:00pm","TIENDA AURORA","sin Embozadora","NO","Remodelada a Imagine","140107","SI","20130920","T","1","1","-12.122246560000001","-77.011378570000005","192","4322F","","","","","","","","","20210503","08:46:44.2470000",,"000297","Lima","00 LIMA","Zona Moderna Oeste","LIMA",
"12400","124","ME Sheraton","","","","","","","","","Tiendas lima","Pendiente","19000101","","","","","","","","","","","","","","","","","","","","","","","","","","","","","","","","","","","","","","","",,"000124","Lima","","Lima","LIMA",
"54700","547","Satipo","90403","R2","Región Centro","50001","PJUN","Plaza Junin","98900","TP","Tiendas Provincia","Cerrada","20120917","20151231","MANUEL PRADO N° 231, MZ. 0345, LOTE 007","SATIPO","SATIPO","JUNIN","Centro","","SBS 4954 - 2012","20120723","002-509","Propia","Tienda Financiera","Calle","Normal","L a V de 9:00am a 6:00pm / S de 9:00am a 1:00pm","SATIPO","sin Embozadora","NO","Normal","110701","SI","20140814","T","","","","","","","","","","","","","","","20210503","08:46:44.2470000",,"000547","Centro","03 SUR CENTRO","Satipo","PROVINCIA",
"00100","001","Capón","81500","Z3","Zona Centro","","","","82100","TL","Tiendas Lima","Activa","20091030","","JR. PARURO 800","LIMA - CERCADO","LIMA","LIMA","Lima Centro","0010300000","SBS 14294-2009","20091030","002-120","Propia","Tienda Financiera","Calle","Normal","L a V de 9:00am a 6:00pm / S de 9:00am a 1:00pm","TIENDA CAPON","sin Embozadora","NO","Normal","140101","SI","20131129","T","1","1","-12.051544","-77.024876000000006","294","43131","","","","","","","","","20210503","08:46:44.2470000",,"000001","Lima","00 LIMA","Zona Centro","LIMA",
"14200","142","Benavides","81300","Z7","Zona 7","","","","82100","TL","Tiendas Lima","Cerrada","20050301","20131120","AV. BENAVIDES 1241","MIRAFLORES","LIMA","LIMA","Moderna 1","","SBS 1840-2004","20041108","002-303","Alquilada","Tienda Financiera","calle","Normal","L a V de 9:00am a 6:00pm / S de 9:00am a 1:00pm","BENAVIDES","sin Embozadora","NO","Normal","140107","NO","19000101","T","","","","","","","","","","","","","","","20210503","08:46:44.2470000",,"000142","Lima","00 LIMA","Zona Sur","LIMA",
"82900","829","","","","","","","","","","Tiendas provincia","Pendiente","19000101","","","","","","","","","","","","","","","","","","","","","","","","","","","","","","","","","","","","","","","",,"000829","Lima","","Sin Zona","PROVINCIA",
"71500","715","Chiclayo Real Plaza","","","","","","","","","Tiendas provincia","Pendiente","19000101","","","","","","","","","","","","","","","","","","","","","","","","","","","","","","","","","","","","","","","",,"000715","Norte","01 NORTE","Chiclayo","PROVINCIA",
"51400","514","MM Huancayo el Tambo","90405","R3","Región Centro-Sur","","","","98900","TP","Tiendas Provincia","Cerrada","20120101","20130228","Calle Real N°930 El tambo","HUANCAYO","HUANCAYO","JUNIN","Centro","5140300000","-","18991230","0","Alquilada","Money Market","Supermercado","Money","L a D 9:00am a 9:00pm","MM Vea HUANCAYO EL TAMBO","","","Normal","110101","NO","19000101","T","","","","","","","","","","","","","","","20210503","08:46:44.2470000",,"000514","Centro","03 SUR CENTRO","Huancayo","PROVINCIA",
"74400","744","Real Plaza Chorrillos","81300","Z7","Zona Sur","","","","82100","TL","Tiendas Lima","Activa","20111219","","AV. GUARDIA CIVIL N° 927 Y LOS FAISANES, URB. LA CAMPIÑA","CHORRILLOS","LIMA","LIMA","Lima Sur","7440300000","SBS 9900-2011","20110916","002-495","Alquilada","Tienda Financiera","Centro Comercial","Horario Extendido","L a S de 9:00 a.m. a 8:00 p.m.","TIENDA REAL PLAZA CHORRILLOS","con Embozadora","SI","Normal","140108","NO","19000101","T","0","","-12.172908","-76.992334999999997","103.06999999999999","4332C","","","","","","","","","20210503","08:46:44.2470000",,"000744","Lima","00 LIMA","Zona Sur","LIMA",
"92400","924","","","","","","","","","","Tiendas provincia","Pendiente","19000101","","","","","","","","","","","","","","","","","","","","","","","","","","","","","","","","","","","","","","","",,"000924","Lima","","Sin Zona","PROVINCIA",
"44400","444","","","","","","","","","","Tiendas provincia","Pendiente","19000101","","","","","","","","","","","","","","","","","","","","","","","","","","","","","","","","","","","","","","","",,"000444","00 LIMA","00 LIMA","LIMA","PROVINCIA",
"26900","269","La Encalada","81200","Z6","Zona Moderna Este","","","","82100","TL","Tiendas Lima","Activa","20110111","","AV. ENCALADA N° 911 - 915 Y CALLE SAN LUIS N° 118","SURCO","LIMA","LIMA","Moderna 1","2690300000","SBS 12387-2010","20101007","002-484","Alquilada","Tienda Financiera","Calle","Normal","L a V de 9:00am a 6:00pm / S de 9:00am a 1:00pm","TIENDA ENCALADA","sin Embozadora","NO","Normal","140129","SI","20131025","T","1","1","-12.106676","-76.971673999999993","492.19999999999999","4323B","","","","","","","","","20210503","08:46:44.2470000",,"000269","Lima","00 LIMA","Zona Moderna Este","LIMA",
"73200","732","Sullana","","","","72001","PPIU","Plaza Piura","98900","TP","Tiendas Provincia","Activa","20070709","","JR. SAN MARTIN N? 725 - 729","SULLANA","SULLANA","PIURA","Norte","7320300000","SBS 568-2007","20070511","002-373","Propia","Tienda Financiera","Calle","Normal","L a V de 9:00am a 6:00pm / S de 9:00am a 1:00pm","TIENDA SULLANA","sin Embozadora","NO","Normal","190601","SI","20140830","T","1","1","-4.8909766110000001","-80.687120460000003","229.5","4211A","","","","","","","","","20210503","08:46:44.2470000",,"000732","Norte","01 NORTE","Piura","PROVINCIA",
"62800","628","MM Trujillo El Estadio","90414","R1","Región Norte","60001","PTRU","Plaza Trujillo","98900","TP","Tiendas Provincia","Cerrada","20130304","20161231","JR. GAMARRA N° 158-186-198, ESQUINA CON AV. ESPAÑA N° 780, LOCAL N° 1","TRUJILLO","TRUJILLO","LA LIBERTAD","","6280300000","SBS 8593 - 2012","20121212","002-524","Alquilada","Money Market","Supermercado","Money","L a D 9:00am a 9:00pm","MM TRUJILLO - TIBURON","sin Embozadora","SI","Normal","120101","NO","19000101","T","1","1","-8.1129650000000009","-79.023808000000002","31.82","4212C","","","","","","","","","20210503","08:46:44.2470000",,"000628","norte","01 NORTE","Trujillo","PROVINCIA",
"41500","415","López de Ayala","81200","Z6","Zona Moderna Este","","","","82100","TL","Tiendas Lima","Activa","20141010","","AV. SAN LUIS N° 2236 MZ G 12, LOTE 9","SAN BORJA","LIMA","LIMA","","4150300000","SBS 5977 - 2014","20140908","002-550","Alquilada","Tienda Financiera","Calle","Normal","L a V de 9:00am a 6:00pm / S de 9:00am a 1:00pm","TIENDA LOPEZ DE AYALA","","","Nació siendo Imagine","140140","SI","20141010","T","1","1","-12.093679010000001","-76.995797449999998","403.29000000000002","4322H","","","","","","","","","20210503","08:46:44.2470000",,"000415","Lima","00 LIMA","Zona Moderna Este","LIMA",
"28700","287","Polvos Azules","81500","Z3","Zona 3","","","","82100","TL","Tiendas Lima","Cerrada","20070726","20151231","C.C. POLVOS AZULES - AV.PASEO DE LA REPUBLICA CDRA.4 ESQ.CON GARCIA NARANJO","LIMA - CERCADO","LIMA","LIMA","Lima Centro","","SBS 923-2007","20070713","002-380","Alquilada","Tienda Financiera","Calle","Horario Extendido","L a S de 10:00am a 8:00pm / D de 10:00am a 3:00pm","POLVOS AZULES","sin Embozadora","NO","Normal","140115","NO","19000101","T","","","","","","","","","","","","","","","20210503","08:46:44.2470000",,"000287","Lima","00 LIMA","Sin Zona","PROVINCIA",
"53000","530","Mall Aventura","82000","Z2","Zona Oeste","","","","82100","TL","Tiendas Lima","Activa","20081227","","Av. Oscar Benavides N° 3866, Urb. El Águila. Mall Plaza Bellavista. Local N° LF-01, Nivel -1","BELLAVISTA","CALLAO","CALLAO","Callao","5300300000","SBS 12502-2008","20081212","002-442","Alquilada","Tienda Financiera","Centro Comercial","Horario Extendido","L a V de 9:00a.m. a 7:00pm /S de 9:00am a 2:00pm","TIENDA MALL AVENTURA","sin Embozadora","NO","Normal","102","SI","20131218","T","1","1","-12.055391800000001","-77.103086099999999","235.31","4312G","","","","","","","","","20210503","08:46:44.2470000",,"000530","Lima","00 LIMA","Zona Oeste","LIMA",
"73800","738","MM Talara","90414","R1","Región Norte","","","","98900","TP","Tiendas Provincia","Cerrada","20120305","20170820","AV. MARISCAL CASTILLA N° 220, LOCAL N° 05","PARIÑAS","TALARA","PIURA","Norte","7380300000","SBS 1450 - 2012","20120302","002-498","Alquilada","Money Market","Supermercado","Money","L a D 9:00am a 9:00pm","MM TALARA CASTILLA","con Embozadora","NO","Normal","190701","NO","19000101","T","0","","-4.579949","-81.274682999999996","30.890000000000001","42127","","","","","","","","","20210503","08:46:44.2470000",,"000738","Norte","01 NORTE","Talara","PROVINCIA",
"20600","206","CTV Trujillo La Libertad","","","","","","","","","Tiendas provincia","Pendiente","19000101","","","","","","","","","","","","","","","","","","","","","","","","","","","","","","","","","","","","","","","",,"000206","Norte","01 NORTE","Trujillo","PROVINCIA",
"98000","980","","","","","","","","","","Tiendas provincia","Pendiente","19000101","","","","","","","","","","","","","","","","","","","","","","","","","","","","","","","","","","","","","","","",,"000980","Lima","","Sin Zona","PROVINCIA",
"16200","162","Lima Plaza Sur","81300","Z7","Zona Sur","","","","82100","TL","Tiendas Lima","Activa","20100617","","AV. PROLONGACION PASEO DE LA REPUBLICA S/N. CC PLAZA LIMA SUR","CHORRILLOS","LIMA","LIMA","Lima Sur","1620300000","SBS 3288-2010","20100416","002-473","Alquilada","Tienda Financiera","Centro Comercial","Horario Extendido","L a D de 11:00 am a 9:00pm","TIENDA PLAZA LIMA SUR","con Embozadora","SI","Normal","140108","SI","20131023","T","1","1","-12.172499","-77.013328999999999","111.14","43248","","","","","","","","","20210503","08:46:44.2470000",,"000162","Lima","00 LIMA","Zona Sur","LIMA",
"55000","550","Camaná","","","","30001","PAQP","Plaza Arequipa","98900","TP","Tiendas Provincia","Activa","20081230","","JR. 28 DE JULIO N° 337. PLAZA DE ARMAS","CAMANA","CAMANA","AREQUIPA","Sur","5500300000","SBS 12502-2008","20081212","002-446","Propia","Tienda Financiera","Calle","Normal","L a V de 9:00am a 6:00pm / S de 9:00am a 1:00pm","TIENDA CAMANA","sin Embozadora","NO","Normal","40301","SI","20140807","T","1","1","-16.625088999999999","-72.710943","412","4222V","","","","","","","","","20210503","08:46:44.2470000",,"000550","Arequipa","04 SUR","Arequipa","PROVINCIA",
"43100","431","Cusco Larapa","90405","R3","Región Sur","42001","PCUS","Plaza Cusco","98900","TP","Tiendas Provincia","Activa","20130416","","URB. CACHIMAYO FRONTIS AV. DE LA CULTURA MZ. C, LOTE 21A","SAN SEBASTIAN","CUSCO","CUSCO","","4310300000","SBS 9188 - 2012","20121206","002-525","Alquilada","Tienda Financiera","Calle","Normal","L a V de 9:00am a 6:00pm / S de 9:00am a 1:00pm","TIENDA CUSCO LARAPA","","NO","Normal","70105","SI","20131125","T","1","1","-13.536652999999999","-71.906602000000007","228","4221M","","","","","","","","","20210503","08:46:44.2470000",,"000431","Sur","04 SUR","Cusco","PROVINCIA",
"39500","395","CTV Colonial","","","","","","","","","Tiendas provincia","Pendiente","19000101","","","","","","","","","","","","","","","","","","","","","","","","","","","","","","","","","","","","","","","",,"000395","Lima","","Sin Zona","PROVINCIA",
"77400","774","MM Trujillo Real Plaza","90414","R1","Región Norte","60001","PTRU","Plaza Trujillo","98900","TP","Tiendas Provincia","Cerrada","20151105","20201231","FUNDO LAS CASUARINAS, SUB LOTE PREDIO A, LOTE 5","TRUJILLO","TRUJILLO","LA LIBERTAD","Norte","7740300000","SBS 6396 - 2015","20151023","002-560","Alquilada","Money Market","Supermercado","Money","L a D 9:00am a 9:00pm","MM REAL PLAZA TRUJILLO","con Embozadora","","Nació siendo Imagine","120101","SI","19000101","T","0","","-8.1317266109999995","-79.031961100000004","39","4211F","","","","","","","","","20210503","08:46:44.2470000",,"000774","Norte","","Trujillo","PROVINCIA",
"15900","159","Rimac Alcazar","81700","Z4","Zona Este","","","","82100","TL","Tiendas Lima","Activa","20071123","","AV. ALCAZAR N? 790 - 792 Y CA.14 N?104 URB. LA FLORIDA.","RIMAC","LIMA","LIMA","Lima Centro","1590300000","SBS 14294-2009","20091030","002-387","Alquilada","Tienda Financiera","Calle","Normal","L a V de 9:00am a 6:00pm / S de 9:00am a 1:00pm","TIENDA ALCAZAR RIMAC","sin Embozadora","NO","Normal","140122","NO","19000101","T","1","1","-12.027305999999999","-77.032756000000006","184","4313B","","","","","","","","","20210503","08:46:44.2470000",,"000159","Lima","00 LIMA","Zona Este","LIMA",
"14400","144","Lap","82000","Z2","Zona Oeste","","","","82100","TL","Tiendas Lima","Activa","20050215","","AV. ELMER FAUCETT S/N CALLAO - AEROPUERTO INTERNACIONAL JORGE CHÁVEZ","CALLAO","CALLAO","CALLAO","Callao","1440300000","SBS 115-2005","20050121","002-306","Alquilada","Tienda Financiera","Centro Comercial","Horario Extendido","L a D 9:00am a 9:00pm","TIENDA LAP","sin Embozadora","SI","Normal","101","NO","19000101","T","0","","-12.02183307","-77.107988640000002","59","43215","","","","","","","","","20210503","08:46:44.2470000",,"000144","Lima","00 LIMA","Zona Oeste","LIMA",
"62200","622","Huaraz","90403","R2","Región Centro","62001","PCHM","Plaza Chimbote","98900","TP","Tiendas Provincia","Activa","19880518","","JR. SUCRE 697","HUARAZ","HUARAZ","ANCASH","Norte","6220300000","SBS 492-1998","19980518","002-016","Propia","Tienda Financiera","Calle","Normal","L a V de 9:00am a 6:00pm / S de 9:00am a 1:00pm","TIENDA HUARAZ","sin Embozadora","NO","Normal","20101","SI","20140816","T","1","1","-9.52936549","-77.528500140000006","300","42116","","","","","","","","","20210503","08:46:44.2470000",,"000622","Norte","02 NORTE CENTRO","Chimbote","PROVINCIA",
"25100","251","MM Vea Miraflores","96200","Z5","Zona Moderna Oeste","","","","82100","TL","Tiendas Lima","Cerrada","20050401","20201231","AV. PETIT THOURS CDRA. 49 C/AV. CONTRA ALMIRANTE MONTERO 140","MIRAFLORES","LIMA","LIMA","Moderna 1","2510300000","SBS 317-2005","20050218","002-311","Alquilada","Money Market","Supermercado","Money","L a D 9:00am a 9:00pm","MM Vea MIRAFLORES","con Embozadora","SI","Normal","140107","NO","19000101","T","0","","-12.112231960000001","-77.029151499999998","52.600000000000001","43313","","","","","","","","","20210503","08:46:44.2470000",,"000251","Lima","00 LIMA","Zona Moderna Oeste","LIMA",
"48800","488","Centro Cívico","81500","Z3","Zona Centro","","","","82100","TL","Tiendas Lima","Activa","20091218","","AV GARCILAZO DE LA VEGA N° 1337 - INTERIOR 241","LIMA - CERCADO","LIMA","LIMA","Lima Centro","4880300000","SBS 15503-2009","20091211","002-465","Alquilada","Tienda Financiera","Centro Comercial","Normal","L a V de 9:00am a 7:00pm / S de 9:00am a 1:00pm","TIENDA REAL PLAZA CENTRO CIVICO","sin Embozadora","NO","Nació siendo Imagine","140101","SI","20130503","T","1","1","-12.056866429999999","-77.037905809999998","483.94","4313F","","","","","","","","","20210503","08:46:44.2470000",,"000488","Lima","00 LIMA","Zona Centro","LIMA",
"89800","898","","","","","","","","","","Tiendas provincia","Pendiente","19000101","","","","","","","","","","","","","","","","","","","","","","","","","","","","","","","","","","","","","","","",,"000898","Lima","","Sin Zona","PROVINCIA",
"00700","007","Basadre","96200","Z5","Zona Moderna Oeste","","","","82100","TL","Tiendas Lima","Activa","19980601","","AV. JORGE BASADRE 395","SAN ISIDRO","LIMA","LIMA","Moderna 1","0070300000","SBS 15273-2009","20091130","002-152","Alquilada","Tienda Financiera","Calle","Normal","L a V de 9:00am a 6:00pm / S de 9:00am a 1:00pm","TIENDA BASADRE","sin Embozadora","NO","Normal","140112","SI","20131025","T","1","1","-12.094405849999999","-77.035527060000007","307.99000000000001","43221","","","","","","","","","20210503","08:46:44.2470000",,"000007","Lima","00 LIMA","Zona Moderna Oeste","LIMA",
"51500","515","TF Huancayo San Carlos","90403","R2","Región Centro","50001","PJUN","Plaza Junin","98900","TP","Tiendas Provincia","Activa","20151207","","AV. URUGUAY N° 777, BARRIO SAN CARLOS","HUANCAYO","HUANCAYO","JUNIN","Centro","5150300000","SBS 6597 - 2015","20151102","002-558","Alquilada","Tienda Financiera","Calle","Normal","L a V de 9:00am a 6:00pm / S de 9:00am a 1:00pm","TIENDA HUANCAYO SAN CARLOS","con Embozadora","","Nació siendo Imagine","110101","SI","19000101","T","1","1","-12.0594568","-75.203271200000003","450","42218","","","","","","","","","20210503","08:46:44.2470000",,"000515","Centro","","Junin","PROVINCIA",
"45900","459","Módulo Real Plaza Pro","","","","","","","","","Tiendas lima","Pendiente","19000101","","","","","","","","","","","","","","","","","","","","","","","","","","","","","","","","","","","","","","","",,"000459","Lima","","Zona Norte","LIMA",
"13100","131","","","","","","","","","","","Pendiente","19000101","","","","","","","","","","","","","","","","","","","","","","","","","","","","","","","","","","","","","","","",,"000131","Lima","","","",
"15500","155","Minka","82000","Z2","Zona Oeste","","","","82100","TL","Tiendas Lima","Activa","20060501","","AV. ARGENTINA # 3093 - SUPERMERCADO MINKA","CALLAO","CALLAO","CALLAO","Callao","1550300000","SBS 1808-2005","20051206","002-340","Alquilada","Tienda Financiera","Centro Comercial","Horario Extendido","L a V de 9:00am a 7:00pm / S de 9:00am a 2:00pm","TIENDA MINKA","sin Embozadora","NO","Normal","101","SI","20130920","T","1","1","-12.049254749999999","-77.112549520000002","199","43129","","","","","","","","","20210503","08:46:44.2470000",,"000155","Lima","00 LIMA","Zona Oeste","LIMA",
"13200","132","INEN","81200","Z6","Zona Moderna Este","","","","82100","TL","Tiendas Lima","Activa","20010401","","AV. PRIMAVERA 2520","SURQUILLO","LIMA","LIMA","Moderna 2","1320300000","SBS 252-2001","20010330","002-280","Alquilada","Tienda Cerrada","Cerrada","Cerrada","L a V de 8:00am a 5:00pm / S de 9:00am a 12:30pm","TIENDA INEN","sin Embozadora","NO","Normal","140131","NO","19000101","T","0","","-12.112560999999999","-76.998699999999999","65","43211","","","","","","","","","20210503","08:46:44.2470000",,"000132","Lima","00 LIMA","Zona Moderna Este","LIMA",
"29800","298","Ovalo Gutierrez","96200","Z5","Zona Moderna Oeste","","","","82100","TL","Tiendas Lima","Activa","20041126","","PASAJE DAMMERT # 105","MIRAFLORES","LIMA","LIMA","Moderna 1","2980300000","SBS 1840-2004","20041108","002-300","Propia","Tienda Financiera","Calle","Normal","L a V de 9:00am a 6:00pm / S de 9:00am a 1:00pm","TIENDA OVALO GUTIERREZ","sin Embozadora","NO","Normal","140107","NO","19000101","T","0","","-12.110475299999999","-77.036329649999999","108.90000000000001","4322G","","","","","","","","","20210503","08:46:44.2470000",,"000298","Lima","00 LIMA","Zona Moderna Oeste","LIMA",
"73500","735","Chiclayo Moshoqueque","90414","R1","Región Norte","70001","PCH","Plaza Chiclayo","98900","TP","Tiendas Provincia","Cerrada","20080917","20201231","AV. EL DORADO N? 1100 ESQ.SIMON BOLIVAR","JOSE LEONARDO ORTIZ","CHICLAYO","LAMBAYEQUE","Norte","7350300000","SBS 4846-2008","20080807","002-417","Alquilada","Tienda Financiera","Calle","Normal","L a V de 9:00am a 6:00pm / S de 9:00am a 1:00pm","TIENDA CHICLAYO MOSHOQUEQUE","sin Embozadora","NO","Normal","130112","SI","20130923","T","1","1","-6.7585811060000003","-79.842203789999999","188.70999999999998","4211N","","","","","","","","","20210503","08:46:44.2470000",,"000735","Norte","01 NORTE","Chiclayo","PROVINCIA",
"25200","252","MM Vea Saenz Peña","82000","Z2","Zona Oeste","","","","82100","TL","Tiendas Lima","Activa","20050401","","AV. SAENZ PEÑA Y DOS DE MAYO","CALLAO","CALLAO","CALLAO","Callao","2520300000","SBS 317-2005","20050218","002-310","Alquilada","Money Market","Supermercado","Money","L a D 9:00am a 9:00pm","MM Vea SAENZ PEÑA","con Embozadora","SI","Normal","101","NO","19000101","T","0","","-12.059823","-77.131416999999999","41.799999999999997","43346","","","","","","","","","20210503","08:46:44.2470000",,"000252","Lima","00 LIMA","Zona Oeste","LIMA",
"37000","370","MM Vea Independencia","80500","Z1","Zona Norte","","","","82100","TL","Tiendas Lima","Activa","20081015","","AV CARLOS ALBERTO EYZAGUIRRE 3920-3996","INDEPENDENCIA","LIMA","LIMA","Lima Norte","3700300000","SBS 10429-2008","20081015","002-423","Alquilada","Money Market","Supermercado","Money","L a D 9:00am a 9:00pm","MM Vea INDEPENDENCIA","con Embozadora","SI","Normal","140102","NO","19000101","T","0","","-11.989462","-77.062893000000003","48.329999999999998","4331C","","","","","","","","","20210503","08:46:44.2470000",,"000370","Lima","00 LIMA","Zona Norte","LIMA",
"11200","112","Intercafe","81300","Z7","Zona 7","","","","82100","TL","Tiendas Lima","Cerrada","20091226","20110619","Kilómetro 97.5 Panamericana Sur - Centro Comercial Boulevard Sur Plaza Asia - Plaza Principal (P1) Ubicación 4","ASIA","CAÑETE","LIMA","Sur","","SBS 12034-2011","20111206","0","Alquilada","Tienda Financiera","Centro Comercial","Normal","","INTERCAFE","","","Normal","140416","NO","19000101","T","","","","","","","","","","","","","","","20210503","08:46:44.2470000",,"000112","Lima","00 LIMA","Zona Sur","LIMA",
"40000","400","Ica","90405","R3","Región Sur","40001","PICA","Plaza Ica","98900","TP","Tiendas Provincia","Activa","19991215","","CA. GRAU ESQ. C/ AYACUCHO 200","ICA","ICA","ICA","Centro","4000300000","SBS 1105-1999","19991215","002-053","Propia","Tienda Financiera","Calle","Normal","L a V de 9:00am a 6:00pm / S de 9:00am a 1:00pm","TIENDA PLAZA ICA","sin Embozadora","NO","Normal","100101","SI","20131021","T","1","1","-14.063195","-75.727520999999996","644.90999999999997","4222P","","","","","","","","","20210503","08:46:44.2470000",,"000400","Sur","03 SUR CENTRO","Ica","PROVINCIA",
"65600","656","Gamarra Moda Plaza","81500","Z3","Zona Centro","","","","82100","TL","Tiendas Lima","Cerrada","20190920","20210331","JR. GAMARRA 1275 C.C. GAMARRA MODA PLAZA - LOCAL L8A02, PRIMER PISO NIVEL B SECTOR POWER CENTER","LA VICTORIA","LIMA","LIMA","Lima Centro","6560300000","SBS 3355-2019","20190719","","Alquilada","Tienda Financiera","Centro Comercial","Normal","L a V de 9:00am a 6:00pm / S de 9:00am a 1:00pm","","Com Embozadora","NO","Normal","150115","SI","20190920","T","1","0","-12.071035999999999","-77.013029000000003","0","","","","","","","","","","20210503","08:46:44.2470000",,"000656","Lima","","Zona Centro","LIMA",
"27400","274","MM Mass San Juan de Miraflores","81300","Z7","Zona Sur","","","","82100","TL","Tiendas Lima","Activa","20070102","","AV. VARGAS MACHUCA # 340","SAN JUAN DE MIRAFLORES","LIMA","LIMA","Lima Sur","2740300000","SBS 1365-2006","20061019","002-350","Alquilada","Money Market","Supermercado","Money","L a D 9:00am a 9:00pm","MM Vea SAN JUAN DE MIRAFLORES","sin Embozadora","SI","Normal","140136","NO","19000101","T","0","","-12.165873059999999","-76.973937460000002","39.600000000000001","43324","","","","","","","","","20210503","08:46:44.2470000",,"000274","Lima","00 LIMA","Zona Sur","LIMA",
"53200","532","Barranca MegaPlaza","90403","R2","Región Centro","52701","PNC","Plaza Norte chico","98900","TP","Tiendas Provincia","Cerrada","20140204","20200430","CALLE CASTILLA N° 370, LOCAL 2","BARRANCA","BARRANCA","LIMA","","5320300000","SBS 5754 - 2013","20130919","002-537","Alquilada","Tienda Financiera","Centro Comercial","Horario Extendido","L a S de 10:00am a 8:00pm","TIENDA MEGA PLAZA BARRANCA","","","Nació siendo Imagine","140901","SI","20140204","T","1","1","-10.75137988","-77.761335459999998","209","42312","","","","","","","","","20210503","08:46:44.2470000",,"000532","Centro","00 LIMA","Barranca","PROVINCIA",
"33900","339","MM Tacna Real Plaza","90405","R3","Región Sur","34001","PTCQ","Plaza Tacna","98900","TP","Tiendas Provincia","Activa","20110113","","AV. CUZCO CON CALLE BENAJMIN CISNEROS Y CALLE SIR JONES","TACNA","TACNA","TACNA","Sur","3390300000","SBS 12387-2010","20101007","002-485","Alquilada","Money Market","Supermercado","Money","L a D 9:00am a 9:00pm","TIENDA MM TACNA (TIGRE)","con Embozadora","NO","Normal","220101","NO","19000101","T","0","","-18.018172360000001","-70.252856629999997","68","42219","","","","","","","","","20210503","08:46:44.2470000",,"000339","Sur","04 SUR","Tacna","PROVINCIA",
"18200","182","CTV Mercaderes","","","","","","","","","Tiendas provincia","Pendiente","19000101","","","","","","","","","","","","","","","","","","","","","","","","","","","","","","","","","","","","","","","",,"000182","Lima","","Sin Zona","PROVINCIA",
"49500","495","Real Plaza Santa Clara","81700","Z4","Zona Este","","","","82100","TL","Tiendas Lima","Activa","20090604","","CARRETERA CENTRAL KM. 103 CRUCE CON LA AV. ESTRELLA, URB. SANTA CLARA","ATE - VITARTE","LIMA","LIMA","Lima Este","4950300000","SBS 2419-2009","20090408","002-457","Alquilada","Tienda Financiera","Centro Comercial","Horario Extendido","L a S de 9:00 a.m. a 8:00 p.m.","MM Vea REAL PLAZA SANTA CLARA","con Embozadora","SI","Normal","140103","NO","19000101","T","1","1","-12.014899890000001","-76.885288779999996","195.59999999999999","4332B","","","","","","","","","20210503","08:46:44.2470000",,"000495","Lima","00 LIMA","Zona Este","LIMA",
"93100","931","","","","","","","","","","Tiendas provincia","Pendiente","19000101","","","","","","","","","","","","","","","","","","","","","","","","","","","","","","","","","","","","","","","",,"000931","Lima","","Sin Zona","PROVINCIA",
"07600","076","Las Artes","81200","Z6","Zona Moderna Este","","","","82100","TL","Tiendas Lima","Cerrada","19850701","20201231","AV. LAS ARTES ESQ. C/ AV. SAN LUIS","SAN BORJA","LIMA","LIMA","Moderna 1","0760300000","SBS 14294-2009","20091030","002-185","Alquilada","Tienda Financiera","Calle","Normal","L a V de 9:00am a 6:00pm / S de 9:00am a 1:00pm","TIENDA SAN LUIS Y LAS ARTES","sin Embozadora","NO","Normal","140101","NO","19000101","T","1","1","-12.089967","-76.995920999999996","159","43236","","","","","","","","","20210503","08:46:44.2470000",,"000076","Lima","00 LIMA","Zona Moderna Este","LIMA",
"16600","166","Morelli","81500","Z3","Zona Centro","","","","82100","TL","Tiendas Lima","Activa","20070813","","CA. MORELLI N?235 - 237","SAN BORJA","LIMA","LIMA","Moderna 1","1660300000","SBS 568 - 2007 / SBS 8593 - 2012","18991230","002-359","Alquilada","Tienda Financiera","Centro Comercial","Normal","L a V de 9:00am a 6:30pm / S de 9:00am a 1:00pm","TIENDA MORELLI","sin Embozadora","NO","Normal","140140","SI","20131016","T","1","1","-12.089185820000001","-77.004322909999999","253.28999999999999","4323A","","","","","","","","","20210503","08:46:44.2470000",,"000166","Lima","00 LIMA","Zona Centro","LIMA",
"09500","095","Independencia","80500","Z1","Zona 1","","","","82100","TL","Tiendas Lima","Cerrada","20080627","20190330","AV. CARLOS IZAGUIRRE N? 124","INDEPENDENCIA","LIMA","LIMA","Lima Norte","0950300000","SBS 1792-2008","20080530","002-415","Alquilada","Tienda Financiera","Calle","Normal","L a V de 9:00am a 6:00pm / S de 9:00am a 1:00pm","TIENDA INDEPENDENCIA","sin Embozadora","NO","Normal","140102","SI","20131129","T","1","1","-11.988814","-77.057451","258","43113","","","","","","","","","20210503","08:46:44.2470000",,"000095","Lima","00 LIMA","Zona Norte","LIMA",
"24200","242","MM Vea Comas","80500","Z1","Zona Norte","","","","82100","TL","Tiendas Lima","Activa","20061008","","AV. TUPAC AMARU # 3860 - URB. LA PASCANA","COMAS","LIMA","LIMA","Lima Norte","2420300000","SBS 1199-2006","20060921","002-348","Alquilada","Money Market","Supermercado","Money","L a D 9:00am a 9:00pm","MM Vea COMAS","con Embozadora","SI","Normal","140104","NO","19000101","T","0","","-11.93261388","-77.045322479999996","39.5","43311","","","","","","","","","20210503","08:46:44.2470000",,"000242","Lima","00 LIMA","Zona Norte","LIMA",
"26100","261","MM Vea Los Olivos","80500","Z1","Zona Norte","","","","82100","TL","Tiendas Lima","Activa","20050401","","AV. ANTUNEZ DE MAYOLO CDRA. 9 CON ESQ. CALLE ORIÓN","LOS OLIVOS","LIMA","LIMA","Lima Norte","2610300000","SBS 317-2005","20050218","002-317","Alquilada","Money Market","Supermercado","Money","L a D 9:00am a 9:00pm","MM Vea LOS OLIVOS","con Embozadora","SI","Normal","140142","NO","19000101","T","0","","-11.994358200000001","-77.072101119999999","57.25","43316","","","","","","","","","20210503","08:46:44.2470000",,"000261","Lima","00 LIMA","Zona Norte","LIMA",
"87700","877","","","","","","","","","","Tiendas provincia","Pendiente","19000101","","","","","","","","","","","","","","","","","","","","","","","","","","","","","","","","","","","","","","","",,"000877","Lima","","Sin Zona","PROVINCIA",
"76900","769","Real Plaza Pucallpa","90403","R2","Región Centro","75001","PTPP","Plaza Oriente","98900","TP","Tiendas Provincia","Activa","20140930","","Av. Centenario N°365, Local Ls-05","CALLERIA","CORONEL PORTILLO","UCAYALI","","7690300000","SBS 3385 - 2014","20140603","0","Alquilada","Tienda Financiera","Centro Comercial","Horario Extendido","L a S de 10:00am a 8:00pm","TIENDA REAL PLAZA PUCALLPA","","","Nació siendo Imagine","250101","SI","20140930","T","1","1","-8.3861208000000005","-74.556243600000002","217.34999999999999","4222T","","","","","","","","","20210503","08:46:44.2470000",,"000769","Centro","02 NORTE CENTRO","Oriente","PROVINCIA",
"82500","825","","","","","","","","","","Tiendas provincia","Pendiente","19000101","","","","","","","","","","","","","","","","","","","","","","","","","","","","","","","","","","","","","","","",,"000825","Lima","","Sin Zona","PROVINCIA",
"31900","319","MM Arequipa La Marina","","","","30001","PAQP","Plaza Arequipa","98900","TP","Tiendas Provincia","Cerrada","20071208","20191130","CA. PUENTE BOLOGNESI N?124 SUB LOTE 1Y2 CA.PALACIO VIEJO N? 519 - 527","AREQUIPA","AREQUIPA","AREQUIPA","Sur","3190300000","SBS 1682-2007","20071121","002-396","Alquilada","Money Market","Supermercado","Money","L a D 9:00am a 9:00pm","TIENDA AREQUIPA LA MARINA","sin Embozadora","NO","Normal","40101","SI","20131028","T","1","1","-16.398655000000002","-71.541139999999999","48.439999999999998","4222H","","","","","","","","","20210503","08:46:44.2470000",,"000319","Sur","04 SUR","Arequipa","PROVINCIA",
"61800","618","Chimbote Mega Plaza","90414","R1","Región Norte","","","","98900","TP","Tiendas Provincia","Cerrada","20121030","20180831","LOTE1-A1-A2 DE LA MANZANA B, LOTIZACIÓN PARQUE GRAN CHAVIN LOCAL N°R1","CHIMBOTE","SANTA","ANCASH","Centro","6180300000","SBS 6954 - 2012","20120912","002-510","Alquilada","Tienda Financiera","Centro Comercial","Horario Extendido","L a S de 10:00am a 8:00pm","TIENDA MEGA PLAZA CHIMBOTE","sin Embozadora","NO","Normal","21301","SI","20131202","T","1","1","-9.1024039999999999","-78.557911000000004","210.09999999999999","4221G","","","","","","","","","20210503","08:46:44.2470000",,"000618","Norte","02 NORTE CENTRO","Chimbote","PROVINCIA",
"41000","410","Yanahuara","","","","30001","PAQP","Plaza Arequipa","98900","TP","Tiendas Provincia","Activa","20130121","","MZ. B, LOTE B-9, URBANIZACION MAGISTERIAL II","YANAHUARA","AREQUIPA","AREQUIPA","Sur","4100300000","SBS 8593 - 2012","20121112","002-520","Alquilada","Tienda Financiera","Calle","Normal","L a V de 9:00 am a 6:00pm / S de 9:00am a 1:00pm","TIENDA YANAHUARA","con Embozadora","NO","Normal","40123","SI","20131028","T","1","1","-16.397027000000001","-71.547139999999999","306.49000000000001","4221L","","","","","","","","","20210503","08:46:44.2470000",,"000410","Arequipa","04 SUR","Arequipa","PROVINCIA",
"26000","260","MM Vea Dasso","96200","Z5","Zona Moderna Oeste","","","","82100","TL","Tiendas Lima","Activa","20071221","","ESQ. AV. CAMINO REAL Y CA.EMILIO BUSTAMANTE","SAN ISIDRO","LIMA","LIMA","Moderna 1","2600300000","SBS 1084-2007","20070807","002-382","Alquilada","Money Market","Supermercado","Money","L a D 9:00am a 9:00pm","MM Vea DASSO","con Embozadora","SI","Normal","140112","NO","19000101","T","0","","-12.1074938","-77.039153200000001","47.560000000000002","43337","","","","","","","","","20210503","08:46:44.2470000",,"000260","Lima","00 LIMA","Zona Moderna Oeste","LIMA",
"29900","299","La Marina","82000","Z2","Zona Oeste","","","","82100","TL","Tiendas Lima","Cerrada","20050602","20201231","AV. LA MARINA CDRA 25 CON ESQ. CA. CESAR LOPEZ","SAN MIGUEL","LIMA","LIMA","Moderna 1","2990300000","SBS 1840-2004","20041108","002-257","Alquilada","Tienda Financiera","Calle","Normal","L a V de 9:00am a 6:00pm / S de 9:00am a 1:00pm","TIENDA LA MARINA","sin Embozadora","NO","Normal","140101","SI","20131206","T","1","1","-12.077504810000001","-77.090048109999998","100","4312E","","","","","","","","","20210503","08:46:44.2470000",,"000299","Lima","00 LIMA","Zona Oeste","LIMA",
"36800","368","El Trigal","81300","Z7","Zona Sur","","","","82100","TL","Tiendas Lima","Activa","20081220","","AV BENAVIDES CDRA. 46, INGRESO 118. CC LA ALBORADA","SURCO","LIMA","LIMA","Moderna 1","3680300000","SBS 12502-2008","20081212","002-439","Alquilada","Tienda Financiera","Calle","Normal","L a V de 9:00am a 6:00pm / S de 9:00am a 1:00pm","TIENDA TRIGAL","sin Embozadora","NO","Normal","140129","SI","20131114","T","1","1","-12.127590680000001","-76.988416229999999","234","4323F","","","","","","","","","20210503","08:46:44.2470000",,"000368","Lima","00 LIMA","Zona Sur","LIMA",
"25000","250","MM Vea Ate","81700","Z4","Zona Este","","","","82100","TL","Tiendas Lima","Activa","20050401","","AV. LA MAR C/ NICOLAS AYLLÓN ATE","ATE - VITARTE","LIMA","LIMA","Lima Este","2500300000","SBS 317-2005","20050218","002-313","Alquilada","Money Market","Supermercado","Money","L a D 9:00am a 9:00pm","MM Vea ATE","con Embozadora","SI","Normal","140103","NO","19000101","T","0","","-12.054556","-76.962682999999998","41","43322","","","","","","","","","20210503","08:46:44.2470000",,"000250","Lima","00 LIMA","Zona Este","LIMA",
"12700","127","Miraflores","96200","Z5","Zona Moderna Oeste","","","","82100","TL","Tiendas Lima","Activa","20090428","","AV. ARAMBURU N° 144","MIRAFLORES","LIMA","LIMA","Moderna 1","1270300000","SBS 10680-2008","20081106","002-454","Alquilada","Tienda Financiera","Calle","Normal","L a V de 9:00am a 6:00pm / S de 9:00am a 1:00pm","TIENDA MIRAFLORES","sin Embozadora","NO","Normal","140107","SI","20131220","T","1","1","-12.103664999999999","-77.031025999999997","413","43228","","","","","","","","","20210503","08:46:44.2470000",,"000127","Lima","00 LIMA","Zona Moderna Oeste","LIMA",
"76000","760","Pucallpa","90403","R2","Región Centro","75001","PTPP","Plaza Oriente","98900","TP","Tiendas Provincia","Activa","19900803","","JR. RAYMONDI 569","CALLERIA","CORONEL PORTILLO","UCAYALI","Centro","7600300000","SBS 463-1990","19900627","002-049","Propia","Tienda Financiera","Calle","Normal","L a V de 9:00am a 6:00pm / S de 9:00am a 1:00pm","TIENDA PUCALLPA","sin Embozadora","NO","Normal","250101","SI","20140912","T","1","1","-8.3857676110000003","-74.530693529999994","841.39999999999998","4211E","","","","","","","","","20210503","08:46:44.2470000",,"000760","Centro","02 NORTE CENTRO","Oriente","PROVINCIA",
"58100","581","La Oroya","","","","","","","","","Tiendas provincia","Pendiente","19000101","","","","","","","","","","","","","","","","","","","","","","","","","","","","","","","","","","","","","","","",,"000581","Centro","03 SUR CENTRO","Huancayo","PROVINCIA",
"64000","640","Módulo Real Plaza Salaverry","","","","","","","","","Tiendas lima","Pendiente","19000101","","","","","","","","","","","","","","","","","","","","","","","","","","","","","","","","","","","","","","","",,"000640","Lima","","Zona Moderna Oeste","LIMA",
"39700","397","CTV Chimbote","","","","","","","","","Tiendas provincia","Pendiente","19000101","","","","","","","","","","","","","","","","","","","","","","","","","","","","","","","","","","","","","","","",,"000397","Norte","02 NORTE CENTRO","Chimbote","PROVINCIA",
"27300","273","MM Mass Chosica","","","","","","","","","Tiendas lima","Pendiente","19000101","","","","","","","","","","","","","","","","","","","","","","","","","","","","","","","","","","","","","","","",,"000273","Lima","","Lima","LIMA",
"54800","548","La Merced","","","","","","","","","Tiendas provincia","Pendiente","19000101","","","","","","","","","","","","","","","","","","","","","","","","","","","","","","","","","","","","","","","",,"000548","Centro","","La Merced","PROVINCIA",
"74800","748","Chiclayo Santa Victoria","","","","70001","PCH","Plaza Chiclayo","98900","TP","Tiendas Provincia","Activa","20121005","","AVENIDA ANDRÉS A. CÁCERES N° 275. URBANIZACIÓN SANTA VICTORIA PRIMERA ETAPA","CHICLAYO","CHICLAYO","LAMBAYEQUE","Norte","7480300000","SBS 3551 - 2012","20120614","002-511","Alquilada","Tienda Financiera","Calle","Normal","L a V de 9:00am a 6:00pm / S de 9:00am a 1:00pm","TIENDA CHICLAYO - SANTA VICTORIA","sin Embozadora","NO","Normal","130301","SI","20130923","T","1","1","-6.7815772870000002","-79.843043449999996","296.13999999999999","4212B","","","","","","","","","20210503","08:46:44.2470000",,"000748","Norte","01 NORTE","Chiclayo","PROVINCIA",
"43700","437","MM Cusco San Jerónimo","90405","R3","Región Sur","42001","PCUS","Plaza Cusco","98900","TP","Tiendas Provincia","Cerrada","20141226","20180506","LOTE 3 y 4 VERSALLES DEL CARMEN o PITUPUCYO LOCAL N° 2","SAN JERONIMO","CUSCO","CUSCO","","4370300000","SBS 7696 - 2014","20141118","002-548","Alquilada","Money Market","Supermercado","Money","L a D 9:00am a 9:00pm","MM CUSCO SAN GERONIMO","","","Normal","80104","NO","19000101","T","0","","-13.542351","-71.90025","55","4221Q","","","","","","","","","20210503","08:46:44.2470000",,"000437","Sur","04 SUR","Cusco","PROVINCIA",
"08200","082","Habich","80500","Z1","Zona Norte","","","","82100","TL","Tiendas Lima","Activa","19860101","","AV. EDUARDO DE HABICH 433","SAN MARTIN DE PORRES","LIMA","LIMA","Lima Norte","0820300000","SBS 1307-2004","20040803","002-168","Alquilada","Tienda Financiera","Calle","Normal","L a V de 9:00am a 6:00pm / S de 9:00am a 1:00pm","TIENDA HABICH","sin Embozadora","NO","Normal","140126","SI","20140618","T","1","1","-12.02705471","-77.055159790000005","196.96000000000001","43112","","","","","","","","","20210503","08:46:44.2470000",,"000082","Lima","00 LIMA","Zona Norte","LIMA",
"26300","263","Pezet","96200","Z5","Zona Moderna Oeste","","","","82100","TL","Tiendas Lima","Activa","20050901","","AV. JUAN PEZET # 1405","SAN ISIDRO","LIMA","LIMA","Moderna 1","2630300000","SBS 455-1998","19980507","002-264","Alquilada","Tienda Financiera","Calle","Normal","L a V de 9:00am a 6:00pm / S de 9:00am a 1:00pm","TIENDA PEZET","sin Embozadora","NO","Normal","140112","NO","19000101","T","0","","-12.102923000000001","-77.052442999999997","150.67000000000002","4322C","","","","","","","","","20210503","08:46:44.2470000",,"000263","Lima","00 LIMA","Zona Moderna Oeste","LIMA",
"25500","255","MM Vea La Molina","81200","Z6","Zona Moderna Este","","","","82100","TL","Tiendas Lima","Activa","20050401","","AV. RAÚL FERRERO Y LAS RETAMAS  - LA MOLINA","LA MOLINA","LIMA","LIMA","Moderna 1","2550300000","SBS 317-2005","20050218","002-279","Alquilada","Money Market","Supermercado","Money","L a D 9:00am a 9:00pm","MM Vea LA MOLINA","con Embozadora","SI","Normal","140110","NO","19000101","T","0","","-12.09094893","-76.950749490000007","47.75","43333","","","","","","","","","20210503","08:46:44.2470000",,"000255","Lima","00 LIMA","Zona Moderna Este","LIMA",
"61100","611","Trujillo Real Plaza","","","","60001","PTRU","Plaza Trujillo","98900","TP","Tiendas Provincia","Activa","20070713","","C.C. REAL PLAZA - OF.B-2","TRUJILLO","TRUJILLO","LA LIBERTAD","Norte","6110300000","SBS 1083-2007","20070807","002-378","Alquilada","Tienda Financiera","Centro Comercial","Horario Extendido","L a S de 10:00am a 8:00pm","TIENDA TRUJILLO REAL PLAZA","con Embozadora","NO","Normal","120101","SI","20131118","T","1","1","-8.1310755169999993","-79.0325864","215.99000000000001","4211K","","","","","","","","","20210503","08:46:44.2470000",,"000611","Norte","01 NORTE","Trujillo","PROVINCIA",
"00300","003","Manco Cápac","82600","Z9","Zona 9","","","","82100","TL","Tiendas Lima","Cerrada","19600401","20200430","AV. IQUITOS 484 - 488","LA VICTORIA","LIMA","LIMA","Lima Centro","0030300000","SBS 14294-2009","20091030","002-133","Propia","Tienda Financiera","Calle","Normal","L a V de 9:00am a 6:00pm / S de 9:00am a 1:00pm","TIENDA MANCO CAPAC","sin Embozadora","NO","Normal","140115","SI","20140704","T","1","1","-12.064314","-77.030907999999997","235","43141","","","","","","","","","20210503","08:46:44.2470000",,"000003","Lima","00 LIMA","Zona 9","LIMA",
"08700","087","Arenales","81500","Z3","Zona Centro","","","","82100","TL","Tiendas Lima","Activa","20070713","","AV. ARENALES N? 784 URB. SANTA BEATRIZ","LIMA - CERCADO","LIMA","LIMA","Moderna 2","0870300000","SBS 568-2007","20070511","002-354","Alquilada","Tienda Financiera","Calle","Normal","L a V de 9:00am a 6:00pm / S de 9:00am a 1:00pm","TIENDA LIMA CERCADO ARENALES","sin Embozadora","NO","Normal","140133","SI","20131213","T","1","1","-12.072182","-77.037699000000003","255","43136","","","","","","","","","20210503","08:46:44.2470000",,"000087","Lima","00 LIMA","Zona Centro","LIMA",
"24500","245","Regatas","81300","Z7","Zona Sur","","","","82100","TL","Tiendas Lima","Activa","19980529","","CLUB REGATAS LIMA - MALECON DE LA RIVERA S/N","CHORRILLOS","LIMA","LIMA","Lima Sur","2450300000","SBS 447-1998","19980506","002-263","Alquilada","Tienda Cerrada","Cerrada","Cerrada","L a V de 9:00am a 6:30pm / S de 9:00am a 1:00pm","TIENDA REGATAS","sin Embozadora","NO","Normal","140108","NO","19000101","T","0","","-12.166191","-77.032613999999995","57.450000000000003","43218","","","","","","","","","20210503","08:46:44.2470000",,"000245","Lima","00 LIMA","Zona Sur","LIMA",
"49700","497","MM Vea Acho","81700","Z4","Zona 4","","","","82100","TL","Tiendas Lima","Cerrada","20121120","20161231","ESQUINA JR. MARAÑON CON CALLE CASTAÑEDA N° 116-150. LOCAL N° 01A PLAZA VEA","RIMAC","LIMA","LIMA","Callao","4970300000","SBS 8593 - 2012","20121112","002-514","Alquilada","Money Market","Supermercado","Money","L a D 9:00am a 9:00pm","MM ANTILOPE ACHO","con Embozadora","SI","Normal","140122","NO","19000101","T","0","","-12.041561","-77.022077999999993","47","4331E","","","","","","","","","20210503","08:46:44.2470000",,"000497","Lima","00 LIMA","Zona Este","LIMA",
"44000","440","Ayacucho","90403","R2","Región Centro","50001","PJUN","Plaza Junin","98900","TP","Tiendas Provincia","Activa","19980515","","JR. 9 DE DICIEMBRE 183","AYACUCHO","HUAMANGA","AYACUCHO","Centro","4400300000","SBS 490-1998","19980515","002-050","Propia","Tienda Financiera","Calle","Normal","L a V de 9:00am a 6:00pm / S de 9:00am a 1:00pm","TIENDA AYACUCHO","sin Embozadora","NO","Normal","50101","SI","20140724","T","1","1","-13.158808000000001","-74.226149000000007","144.5","4222C","","","","","","","","","20210503","08:46:44.2470000",,"000440","Centro","03 SUR CENTRO","","",
"04600","046","Higuereta","81800","Z8","Zona 8","","","","82100","TL","Tiendas Lima","Cerrada","19940201","20200529","AV. BENAVIDES 3674","SURCO","LIMA","LIMA","Moderna 1","0460300000","SBS 252-2001","20010330","002-159","Alquilada","Tienda Financiera","Calle","Normal","L a V de 9:00am a 6:00pm / S de 9:00am a 1:00pm","TIENDA HIGUERETA","con Embozadora","NO","Normal","140129","SI","20131016","T","1","1","-12.128809070000001","-76.997409059999995","179.81999999999999","43233","","","","","","","","","20210503","08:46:44.2470000",,"000046","Lima","00 LIMA","Zona 8","LIMA",
"14600","146","TUUA","","","","","","","","","Tiendas provincia","Pendiente","19000101","","","","","","","","","","","","","","","","","","","","","","","","","","","","","","","","","","","","","","","",,"000146","Lima","","Sin Zona","PROVINCIA",
"38200","382","MM Economax Chaclacayo","81700","Z4","Zona 4","","","","82100","TL","Tiendas Lima","Cerrada","20110614","20191130","AV. NICOLAS AYLLON N° 582-598","CHACLACAYO","LIMA","LIMA","Lima Este","3820300000","SBS 6396-2011","20110601","002-494","Alquilada","Money Market","Supermercado","Money","L a D 9:00am a 9:00pm","TIENDA MM ECONOMAX CHACLACAYO","sin Embozadora","SI","Normal","140107","NO","19000101","T","0","","-11.976367","-76.771608000000001","25.800000000000001","4332E","","","","","","","","","20210503","08:46:44.2470000",,"000382","Lima","00 LIMA","Zona Este","LIMA",
"32500","325","Avelino Cáceres","","","","30001","PAQP","Plaza Arequipa","98900","TP","Tiendas Provincia","Activa","20081210","","AV DANIEL ALCIDES CARRION N° 941","JOSE LUIS BUSTAMANTE Y RIVERO","AREQUIPA","AREQUIPA","Sur","3250300000","SBS 10680-2008","20081106","002-434","Alquilada","Tienda Financiera","Calle","Normal","L a V de 9:00am a 6:00pm / S de 9:00am a 1:00pm","TIENDA AVELINO CACERES","sin Embozadora","NO","Remodelada a Imagine","40129","SI","20131028","T","1","1","-16.424848000000001","-71.532775999999998","137.5","4222S","","","","","","","","","20210503","08:46:44.2470000",,"000325","Arequipa","04 SUR","Arequipa","PROVINCIA",
"25400","254","MM Vea Bolichera","81300","Z7","Zona Sur","","","","82100","TL","Tiendas Lima","Activa","20050401","","AV. TOMAS MARSANO 5000 CON ESQ. LOS PRÓCERES - SURCO","SURCO","LIMA","LIMA","Moderna 1","2540300000","SBS 317-2005","20050218","002-312","Alquilada","Money Market","Supermercado","Money","L a D 9:00am a 9:00pm","MM Vea BOLICHERA","con Embozadora","SI","Normal","140129","NO","19000101","T","0","","-12.148324000000001","-76.986688999999998","41.799999999999997","43323","","","","","","","","","20210503","08:46:44.2470000",,"000254","Lima","00 LIMA","Zona Sur","LIMA",
"06700","067","San Borja","81200","Z6","Zona 6","","","","82100","TL","Tiendas Lima","Cerrada","19840601","20170518","AV. AVIACION # 2800","SAN BORJA","LIMA","LIMA","Moderna 1","0670300000","SBS 5419-2010","20100602","002-184","Alquilada","Tienda Financiera","Calle","Normal","L a V de 9:00am a 6:00pm / S de 9:00am a 1:00pm","TIENDA SAN BORJA","sin Embozadora","NO","Normal","140140","SI","20131002","T","1","1","-12.096472","-77.002216000000004","363.75","43235","","","","","","","","","20210503","08:46:44.2470000",,"000067","Lima","00 LIMA","Zona Moderna Este","LIMA",
"15400","154","Gamarra","81500","Z3","Zona Centro","","","","82100","TL","Tiendas Lima","Activa","20061108","","PARQUE CANEPA S/N","LA VICTORIA","LIMA","LIMA","Lima Centro","1540300000","SBS 923-2006","20060714","002-344","Alquilada","Tienda Financiera","Calle","Normal","L a V de 9:00am a 6:00pm / S de 9:00am a 1:00pm","TIENDA GAMARRA","sin Embozadora","NO","Normal","140115","NO","19000101","T","0","","-12.06509374","-77.014849999999996","239.88999999999999","4314C","","","","","","","","","20210503","08:46:44.2470000",,"000154","Lima","00 LIMA","Zona Centro","LIMA",
"16000","160","Lurín","81300","Z7","Zona Sur","","","","82100","TL","Tiendas Lima","Activa","20070702","","ALT. KM 36 ANTIGUA CARRETERA PANAMERICANA SUR (MCDO VIRGEN DE LAS MERCEDES)","LURIN","LIMA","LIMA","Lima Sur","1600300000","SBS 568-2007","20070511","002-367","Alquilada","Tienda Financiera","Calle","Normal","L a V de 9:00am a 6:00pm / S de 9:00am a 1:00pm","TIENDA LURIN","sin Embozadora","NO","Normal","140113","SI","20131118","T","1","1","-12.277161","-76.869954000000007","205.56999999999999","43247","","","","","","","","","20210503","08:46:44.2470000",,"000160","Lima","00 LIMA","Zona Sur","LIMA",
"19700","197","CTV Ate Vitarte","","","","","","","","","Tiendas lima","Pendiente","19000101","","","","","","","","","","","","","","","","","","","","","","","","","","","","","","","","","","","","","","","",,"000197","Lima","00 LIMA","Zona Este","LIMA",
"20000","200","Torre","81500","Z3","Zona Centro","","","","82100","TL","Tiendas Lima","Activa","20000801","","CA. CARLOS VILLARAN 150","LA VICTORIA","LIMA","LIMA","Lima Centro","2000300000","SBS 6448-2008","20080821","002-274","Propia","Tienda Financiera","Calle","Normal","L a V de 9:00am a 6:00pm","TIENDA TORRE INTERBANK","sin Embozadora","NO","Normal","140115","SI","19000101","T","1","1","-12.089314","-77.022970000000001","601","4314F","","","","","","","","","20210503","08:46:44.2470000",,"000200","Lima","00 LIMA","Zona Centro","LIMA",
"18800","188","CTV Caminos del Inca","","","","","","","","","Tiendas provincia","Pendiente","19000101","","","","","","","","","","","","","","","","","","","","","","","","","","","","","","","","","","","","","","","",,"000188","Lima","00 LIMA","Sin Zona","PROVINCIA",
"13700","137","UPC","81200","Z6","Zona Moderna Este","","","","82100","TL","Tiendas Lima","Cerrada","20030414","20201231","AV. PROLONG. PRIMAVERA # 2390 - MONTERRICO SURCO","SURCO","LIMA","LIMA","Moderna 1","1370300000","SBS 532-2003","20030505","002-286","Alquilada","Tienda Cerrada","Cerrada","Cerrada","L a V de 9:30am a 7:00pm / S de 9:00am a 12:30pm","TIENDA UPC","sin Embozadora","NO","Normal","140129","NO","19000101","T","0","","-12.103987999999999","-76.963496000000006","25.640000000000001","43214","","","","","","","","","20210503","08:46:44.2470000",,"000137","Lima","00 LIMA","Zona Moderna Este","LIMA",
"61000","610","Trujillo César Vallejo","","","","60001","PTRU","Plaza Trujillo","98900","TP","Tiendas Provincia","Activa","20070712","","AV. CESAR VALLEJO N? 278 URB. PALERMO","TRUJILLO","TRUJILLO","LA LIBERTAD","Norte","6100300000","SBS 568-2007","20070511","002-371","Alquilada","Tienda Financiera","Calle","Normal","L a V de 9:00am a 6:00pm / S de 9:00am a 1:00pm","TIENDA TRUJILLO CESAR VALLEJO","sin Embozadora","NO","Normal","120101","SI","20131118","T","1","1","-8.1110170000000004","-79.018097999999995","279","4211J","","","","","","","","","20210503","08:46:44.2470000",,"000610","Norte","01 NORTE","Trujillo","PROVINCIA",
"33200","332","Palao","80500","Z1","Zona 1","","","","82100","TL","Tiendas Lima","Cerrada","20081224","20130228","AV. ALFREDO MENDIOLA 821 - 829 URB. PALAO SMP","SAN MARTIN DE PORRES","LIMA","LIMA","Lima Norte","","SBS 10680-2008","20081106","002-448","Alquilada","Tienda Financiera","Calle","Normal","L a V de 9:00am a 6:00pm / S de 9:00am a 1:00pm","PALAO","","","Normal","140126","NO","19000101","T","","","","","","","","","","","","","","","20210503","08:46:44.2470000",,"000332","Lima","00 LIMA","Zona Norte","LIMA",
"18300","183","CTV Salamanca","","","","","","","","","Tiendas provincia","Pendiente","19000101","","","","","","","","","","","","","","","","","","","","","","","","","","","","","","","","","","","","","","","",,"000183","Lima","","Sin Zona","PROVINCIA",
"70200","702","Cajamarca","","","","70001","PCH","Plaza Chiclayo","98900","TP","Tiendas Provincia","Activa","19991215","","JR. DOS DE MAYO 546","CAJAMARCA","CAJAMARCA","CAJAMARCA","Norte","7020300000","SBS 1105-1999","19991215","002-003","Propia","Tienda Financiera","Calle","Normal","L a V de 9:00am a 6:00pm / S de 9:00am a 1:00pm","TIENDA CAJAMARCA","sin Embozadora","NO","Normal","60101","NO","19000101","T","0","","-7.1570376080000004","-78.516625199999993","380","4211X","","","","","","","","","20210503","08:46:44.2470000",,"000702","Norte","01 NORTE","","",
"80600","806","","","","","","","","","","Tiendas provincia","Pendiente","19000101","","","","","","","","","","","","","","","","","","","","","","","","","","","","","","","","","","","","","","","",,"000806","Lima","00 LIMA","Sin Zona","PROVINCIA",
"14000","140","Perú","80500","Z1","Zona Norte","","","","82100","TL","Tiendas Lima","Activa","20070613","","AV. PERU N? 3448-3450-3452","SAN MARTIN DE PORRES","LIMA","LIMA","Lima Norte","1400300000","SBS 703-2007","20070531","002-346","Alquilada","Tienda Financiera","Calle","Normal","L a V de 9:00am a 6:00pm / S de 9:00am a 1:00pm","TIENDA AV PERU","sin Embozadora","NO","Normal","140126","SI","20140626","T","1","1","-12.03079","-77.084933000000007","502.26999999999998","43117","","","","","","","","","20210503","08:46:44.2470000",,"000140","Lima","00 LIMA","Zona Norte","LIMA",
"14100","141","Arriola","81500","Z3","Zona Centro","","","","82100","TL","Tiendas Lima","Activa","20050112","","AV. NICOLAS ARRIOLA # 569 - 571","LA VICTORIA","LIMA","LIMA","Lima Centro","1410300000","SBS 1840-2004","20041108","002-302","Propia","Tienda Financiera","Calle","Normal","L a V de 9:00am a 6:00pm / S de 9:00am a 1:00pm","TIENDA NICOLAS ARRIOLA","sin Embozadora","NO","Normal","140115","SI","20140922","T","1","1","-12.084311","-77.014863000000005","189.83000000000001","4314A","","","","","","","","","20210503","08:46:44.2470000",,"000141","Lima","00 LIMA","Zona Centro","LIMA",
"35000","350","MM Puno","90405","R3","Región Sur","34001","PTCQ","Plaza Tacna","98900","TP","Tiendas Provincia","Cerrada","20120404","20200630","JR. LOS INCAS S/N, MERCADILLO LOCAL N° 03","PUNO","PUNO","PUNO","Sur","3500300000","SBS 1450 - 2012","20120302","002-500","Alquilada","Money Market","Supermercado","Money","L a D 9:00am a 9:00pm","MM PUNO","con Embozadora","NO","Normal","200101","NO","19000101","T","0","","-15.83660068","-70.025131299999998","46.509999999999998","4221D","","","","","","","","","20210503","08:46:44.2470000",,"000350","Sur","04 SUR","Puno","PROVINCIA",
"31800","318","CTV Arequipa","","","","","","","","","Tiendas provincia","Pendiente","19000101","","","","","","","","","","","","","","","","","","","","","","","","","","","","","","","","","","","","","","","",,"000318","Sur","04 SUR","Arequipa","PROVINCIA",
"22000","220","MM. La Marina","","","","","","","","","Tiendas provincia","Pendiente","19000101","","","","","","","","","","","","","","","","","","","","","","","","","","","","","","","","","","","","","","","",,"000220","Lima","00 LIMA","Sin Zona","PROVINCIA",
"04900","049","San Luis","81700","Z4","Zona Este","","","","82100","TL","Tiendas Lima","Activa","19820801","","AV. CIRCUNVALACION CDRA. 18","SAN LUIS","LIMA","LIMA","Lima Centro","0490300000","SBS 14294-2009","20091030","002-181","Propia","Tienda Financiera","Calle","Normal","L a V de 9:00am a 6:00pm / S de 9:00am a 1:00pm","TIENDA SAN LUIS","sin Embozadora","NO","Normal","140101","NO","19000101","T","1","1","-12.071384999999999","-76.993357000000003","211","43142","","","","","","","","","20210503","08:46:44.2470000",,"000049","Lima","00 LIMA","Zona Este","LIMA",
"92100","921","","","","","","","","","","Tiendas provincia","Pendiente","19000101","","","","","","","","","","","","","","","","","","","","","","","","","","","","","","","","","","","","","","","",,"000921","Lima","","Sin Zona","PROVINCIA",
"60000","600","Trujillo","","","","60001","PTRU","Plaza Trujillo","98900","TP","Tiendas Provincia","Activa","19500127","","JR. FRANCISCO PIZARRO ESQ. C/ JR. GAMARRA 463","TRUJILLO","TRUJILLO","LA LIBERTAD","Norte","6000300000","SBS 1105-1999","19991215","002-023","Propia","Tienda Financiera","Calle","Normal","L a V de 9:00am a 6:00pm / S de 9:00am a 1:00pm","TIENDA PLAZA TRUJILLO","sin Embozadora","NO","Normal","120101","SI","20131118","T","2","3","-8.1101051399999999","-79.026984420000005","1470","4211Z","","","","","","","","","20210503","08:46:44.2470000",,"000600","Norte","01 NORTE","Trujillo","PROVINCIA",
"12900","129","Prosegur","81200","Z6","Zona 6","","","","82100","TL","Tiendas Lima","Cerrada","19980401","20171230","AV. MORRO SOLAR 1030","SURCO","LIMA","LIMA","Moderna 1","1290300000","SBS 404-1998","19980421","002-262","Alquilada","Tienda Cerrada","Cerrada","Cerrada","L a V de 9:00am a 6:00pm / S de 9:30am a 12:30pm","TIENDA PROSEGUR","sin Embozadora","NO","Normal","140129","NO","19000101","T","0","","-12.13067","-76.977840999999998","66.349999999999994","43239","","","","","","","","","20210503","08:46:44.2470000",,"000129","Lima","00 LIMA","Zona Moderna Este","LIMA",
"41300","413","Modasa","81700","Z4","Zona 4","","","","82100","TL","Tiendas Lima","Cerrada","20131113","20190330","AV. LOS FRUTALES N° 130-182-202. LOCAL LC 07","ATE - VITARTE","LIMA","LIMA","","4130300000","SBS 6428 - 2013","20130919","002-533","Alquilada","Tienda Financiera","Centro Comercial","Horario Extendido","L a V de 10:00am a 8:00pm / S de 10:00am a 2:00pm","TIENDA MODASA","","NO","Nació siendo Imagine","140103","SI","20131016","T","1","1","-12.056528","-76.968358499999994","167.5","4314J","","","","","","","","","20210503","08:46:44.2470000",,"000413","Lima","00 LIMA","Zona Este","LIMA",
"09100","091","Gran Chimú","81700","Z4","Zona Este","","","","82100","TL","Tiendas Lima","Activa","20071207","","AV. GRAN CHIMU N?831-833 URB.ZARATE","SAN JUAN DE LURIGANCHO","LIMA","LIMA","Lima Este","0910300000","SBS 1868-2007","20071219","002-362","Alquilada","Tienda Financiera","Calle","Normal","L a V de 9:00am a 6:00pm / S de 9:00am a 1:00pm","TIENDA GRAN CHIMU","sin Embozadora","NO","Normal","140137","SI","20130926","T","1","1","-12.024803","-76.999615000000006","466","43145","","","","","","","","","20210503","08:46:44.2470000",,"000091","Lima","00 LIMA","Zona Este","LIMA",
"37500","375","INO","81500","Z3","Zona 3","","","","82100","TL","Tiendas Lima","Cerrada","20081220","20130829","AV. TINGO MARÍA 398","LIMA - CERCADO","LIMA","LIMA","Lima Centro","","SBS 12502-2008","20081212","002-437","Alquilada","Tienda Cerrada","Cerrada","Cerrada","L a V de 9:00am a 6:00pm / S de 9:00am a 12:30pm","INO","sin Embozadora","NO","Normal","140101","NO","19000101","T","","","","","","","","","","","","","","","20210503","08:46:44.2470000",,"000375","Lima","00 LIMA","Sin Zona","PROVINCIA",
"62000","620","Chimbote","90403","R2","Región Centro","62001","PCHM","Plaza Chimbote","98900","TP","Tiendas Provincia","Activa","19510507","","JR. FRANCISCO BOLOGNESI 649","CHIMBOTE","SANTA","ANCASH","Norte","6200300000","SBS 600-2009","20090203","002-020","Propia","Tienda Financiera","Calle","Normal","L a V de 9:00am a 6:00pm / S de 9:00am a 1:00pm","TIENDA CHIMBOTE","con Embozadora","NO","Normal","21301","SI","20131202","T","1","1","-9.0769199999999994","-78.592077000000003","770","42114","","","","","","","","","20210503","08:46:44.2470000",,"000620","Norte","02 NORTE CENTRO","Chimbote","PROVINCIA",
"73400","734","Piura Multiplaza","90414","R1","Región Norte","72001","PPIU","Plaza Piura","98900","TP","Tiendas Provincia","Cerrada","20070622","20200430","OVALO GRAU N?555","PIURA","PIURA","PIURA","Norte","7340300000","SBS 568-2007","20070511","002-369","Alquilada","Money Market","Calle","Money","L a D 9:00am a 9:00pm","TIENDA PIURA MULTIPLAZA","sin Embozadora","NO","Normal","190101","NO","19000101","T","0","","-5.195621","-80.630410999999995","60","4211H","","","","","","","","","20210503","08:46:44.2470000",,"000734","Norte","01 NORTE","Piura","PROVINCIA",
"47900","479","USMP Facultad Comunicaciones","96200","Z5","Zona 5","","","","82100","TL","Tiendas Lima","Cerrada","20120313","20161223","AV. TOMAS MARSANO N? 151 - 155","SURQUILLO","LIMA","LIMA","Moderna 2","4790300000","SBS 1450 - 2012","20120302","002-499","Alquilada","Tienda Cerrada","Cerrada","Cerrada","L a V de 9:30am a 7:30pm","TIENDA USMP - MARSANO","sin Embozadora","NO","Normal","140131","NO","19000101","T","0","","-12.104995000000001","-77.017399999999995","25.800000000000001","4321E","","","","","","","","","20210503","08:46:44.2470000",,"000479","Lima","00 LIMA","Zona Moderna Oeste","LIMA",
"04500","045","Chacarilla","81200","Z6","Zona Moderna Este","","","","82100","TL","Tiendas Lima","Activa","20050620","","C.C. CHACARILLA - CA. MONTE ROSA 120","SURCO","LIMA","LIMA","Moderna 1","0450300000","SBS 1105-1999","19991215","002-160","Propia","Tienda Financiera","Calle","Normal","L a V de 9:00am a 6:00pm / S de 9:00am a 1:00pm","TIENDA CHACARILLA","con Embozadora","NO","Normal","140129","NO","19000101","T","1","1","-12.112294","-76.991551999999999","421.89999999999998","43232","","","","","","","","","20210503","08:46:44.2470000",,"000045","Lima","00 LIMA","Zona Moderna Este","LIMA",
"76300","763","NAZCA","","","","","","","","","Tiendas provincia","Pendiente","19000101","","","","","","","","","","","","","","","","","","","","","","","","","","","","","","","","","","","","","","","",,"000763","03 SUR CENTRO","03 SUR CENTRO","NAZCA","PROVINCIA",
"77200","772","Trujillo Llacuabamba","","","","60001","PTRU","Plaza Trujillo","98900","TP","Tiendas Provincia","Activa","20130325","","ANEXO DE LLACUABAMBA S/N","PARCOY","PATAZ","LA LIBERTAD","","7720300000","SBS 1313 - 2013","20130218","002-526","Alquilada","Tienda Financiera","Calle","Normal","L a V de 9:00am a 6:30pm / S de 9:00am a 1:00pm","TIENDA MARSA - LLACUABAMBA","","NO","Normal","120608","NO","19000101","T","0","","-8.0359271860000003","-77.453160209999993","130","4212D","","","","","","","","","20210503","08:46:44.2470000",,"000772","Norte","01 NORTE","Trujillo","PROVINCIA",
"32700","327","Chiclayo Mercado Modelo","","","","70001","PCH","Plaza Chiclayo","98900","TP","Tiendas Provincia","Cerrada","20080915","20210331","AV. PEDRO RUIZ GALLO N? 921","CHICLAYO","CHICLAYO","LAMBAYEQUE","Norte","3270300000","SBS 4846-2008","20080807","002-418","Alquilada","Tienda Financiera","Calle","Normal","L a V de 9:00am a 6:00pm / S de 9:00am a 1:00pm","TIENDA CHICLAYO MERCADO MODELO","sin Embozadora","NO","Normal","130101","SI","20130923","T","1","1","-6.7677829999999997","-79.839291000000003","210","4211O","","","","","","","","","20210503","08:46:44.2470000",,"000327","Norte","01 NORTE","Chiclayo","PROVINCIA",
"87300","873","","","","","","","","","","Tiendas provincia","Pendiente","19000101","","","","","","","","","","","","","","","","","","","","","","","","","","","","","","","","","","","","","","","",,"000873","Lima","","Sin Zona","PROVINCIA",
"24800","248","MM Vea Higuereta","81300","Z7","Zona Sur","","","","82100","TL","Tiendas Lima","Activa","20050401","","ESQUINA TOMAS MARSANO 2975 C/ AV. AVIACIÓN","SURCO","LIMA","LIMA","Moderna 1","2480300000","SBS 317-2005","20050218","002-308","Alquilada","Money Market","Supermercado","Money","L a D 9:00am a 9:00pm","MM Vea HIGUERETA","sin Embozadora","SI","Normal","140129","NO","19000101","T","0","","-12.127375000000001","-77.000771","34.359999999999999","43345","","","","","","","","","20210503","08:46:44.2470000",,"000248","Lima","00 LIMA","Zona Sur","LIMA",
"53100","531","Huaral El Rosario","90403","R2","Región Centro-Norte","52701","PNC","Plaza Norte chico","98900","TP","Tiendas Provincia","Cerrada","20130130","20170513","LOTE A2, MZ. F, URB. ROSARIO ZONA A, LOCAL 1 Y 2","HUARAL","HUARAL","LIMA","Ancash","5310300000","SBS 8593 - 2012","20121112","002-522","Alquilada","Tienda Financiera","Centro Comercial","Horario Extendido","L a S de 10:00am a 8:00pm","MM HUARAL - HIPOPOTAMO","sin Embozadora","NO","Normal","140801","SI","20140821","T","1","1","-11.497748","-77.214066000000003","114","4231J","","","","","","","","","20210503","08:46:44.2470000",,"000531","Centro","02 NORTE CENTRO","Huaral","PROVINCIA",
"63200","632","MM Vea Olaya","81300","Z7","Zona 7","","","","82100","TL","Tiendas Lima","Cerrada","20130211","20161231","AV. ALEJANDRO IGLESIAS (EX AV.  ALFONSO UGARTE) N° 567, TIENDA EXTERNA N° 1","CHORRILLOS","LIMA","LIMA","Lima","6320300000","SBS 8593 - 2012","20121112","002-523","Alquilada","Money Market","Calle","Money","L a D 9:00am a 9:00pm","MM CHORRILLOS - ARMADILLO","sin Embozadora","SI","Normal","140108","NO","19000101","T","0","","-12.167869","-77.025677999999999","85.599999999999994","4331F","","","","","","","","","20210503","08:46:44.2470000",,"000632","Lima","00 LIMA","Zona Sur","LIMA",
"74600","746","ME Iquitos","90403","R2","Región Centro","75001","PTPP","Plaza Oriente","98900","TP","Tiendas Provincia","Cerrada","20081127","20200430","JR. PROSPERO N° 300, ESQUINA CALLE SARGENTO LORES CDRA 2","IQUITOS","MAYNAS","LORETO","Centro","7460300000","SBS 1486-2009","20090306","002-426","Alquilada","Money Exchange","Calle","Money","L a S de 8:00am a 8:00pm / D de 8:00am a 1:00pm","TIENDA ME IQUITOS","sin Embozadora","NO","Normal","150101","NO","19000101","T","0","","-3.750959747","-73.245237790000004","48.509999999999998","","","","","","","","","","20210503","08:46:44.2470000",,"000746","Centro","02 NORTE CENTRO","Iquitos","PROVINCIA",
"76600","766","Sullana Real Plaza","90414","R1","Región Norte","72001","PPIU","Plaza Piura","98900","TP","Tiendas Provincia","Cerrada","20140310","20200630","ZONA INDUSTRIAL MUNICIPAL N° 2 DE INDUSTRIA LIVIANA, LOCAL LC-101 - 102","SULLANA","SULLANA","PIURA","","7660300000","SBS 7080 - 2013","20131202","002-536","Alquilada","Tienda Financiera","Centro Comercial","Horario Extendido","L a S de 10:00am a 8:00pm","TIENDA REAL PLAZA SULLANA","","","Nació siendo Imagine","190601","SI","20140310","T","1","1","-4.9174264900000004","-80.696048820000001","189.47999999999999","4212G","","","","","","","","","20210503","08:46:44.2470000",,"000766","Norte","01 NORTE","Sullana","PROVINCIA",
"76500","765","Jaen","","","","70001","PCH","Plaza Chiclayo","98900","TP","Tiendas Provincia","Activa","20130422","","CALLE MARISCAL CASTILLA N° 161, CERCADO JAEN, SECTOR NUEVA VICTORIA","JAEN","JAEN","CAJAMARCA","","7650300000","SBS 1313 - 2013","20130218","002-527","Alquilada","Tienda Financiera","Calle","Normal","L a V de 9:00am a 6:00pm / S de 9:00am a 1:00pm","TIENDA JAEN","","NO","Normal","60801","SI","20140828","T","1","1","-5.7094319999999996","-78.808030000000002","362.34000000000003","4212E","","","","","","","","","20210503","08:46:44.2470000",,"000765","Norte","01 NORTE","Chiclayo","PROVINCIA",
"76800","768","Chiclayo Balta","","","","70001","PCH","Plaza Chiclayo","98900","TP","Tiendas Provincia","Activa","20140916","","AV. JOSE BALTA N° 615-619, SECCION B","CHICLAYO","CHICLAYO","LAMBAYEQUE","","7680300000","SBS 5051 - 2014","20140808","002-545","Alquilada","Tienda Financiera","Calle","Normal","L a V de 9:00am a 6:00pm / S de 9:00am a 1:00pm","TIENDA CHICLAYO BALTA","","","Nació siendo Imagine","130301","SI","20140915","T","1","1","-6.772851986","-79.838708190000006","305.44999999999999","4212M","","","","","","","","","20210503","08:46:44.2470000",,"000768","Norte","01 NORTE","Chiclayo","PROVINCIA",
"74700","747","Iquitos Prospero","90403","R2","Región Centro","75001","PTPP","Plaza Oriente","98900","TP","Tiendas Provincia","Cerrada","20120829","20190330","JR. PROSPERO N° 598-584","IQUITOS","MAYNAS","LORETO","Centro","7470300000","SBS 3551 - 2012","20120614","002-508","Propia","Tienda Financiera","Calle","Normal","L a V de 9:00am a 6:00pm / S de 9:00am a 1:00pm","TIENDA IQUITOS PROSPERO","sin Embozadora","NO","Normal","150101","NO","19000101","T","1","1","-3.7537189999999998","-73.246634","182.88","4221H","","","","","","","","","20210503","08:46:44.2470000",,"000747","Centro","02 NORTE CENTRO","Iquitos","PROVINCIA",
"14900","149","Los Olivos Pro","80500","Z1","Zona Norte","","","","82100","TL","Tiendas Lima","Cerrada","20070709","20201231","AV. ALFREDO MENDIOLA N?7883","LOS OLIVOS","LIMA","LIMA","Lima Norte","1490300000","SBS 568-2007","20070511","002-356","Alquilada","Tienda Financiera","Calle","Normal","L a V de 9:00am a 6:00pm / S de 9:00am a 1:00pm","TIENDA LOS OLIVOS PRO","sin Embozadora","NO","Normal","140142","SI","20131106","T","1","1","-11.938171000000001","-77.072277999999997","220","43119","","","","","","","","","20210503","08:46:44.2470000",,"000149","Lima","00 LIMA","Zona Norte","LIMA",
"05200","052","Santa Anita","81700","Z4","Zona Este","","","","82100","TL","Tiendas Lima","Activa","19961001","","AV. NICOLAS AYLLON ESQ. C/ AV. FCO. BOLOGNESI","SANTA ANITA","LIMA","LIMA","Lima Este","0520300000","SBS 252-2001","20010330","002-124","Propia","Tienda Financiera","Calle","Normal","L a V de 9:00am a 6:00pm / S de 9:00am a 1:00pm","TIENDA SANTA ANITA","sin Embozadora","NO","Normal","140143","SI","20130918","T","1","1","-12.056312030000001","-76.969727910000003","382.19","43143","","","","","","","","","20210503","08:46:44.2470000",,"000052","Lima","00 LIMA","Zona Este","LIMA",
"29000","290","La Planicie","81200","Z6","Zona Moderna Este","","","","82100","TL","Tiendas Lima","Activa","20050315","","AV. RICARDO ELIAS # 695","LA MOLINA","LIMA","LIMA","Moderna 1","2900300000","SBS 1840-2004","20041108","002-299","Propia","Tienda Financiera","Calle","Normal","L a V de 9:00am a 6:00pm / S de 9:00am a 1:00pm","TIENDA LA PLANICIE","sin Embozadora","NO","Normal","140110","SI","19000101","T","1","1","-12.077572","-76.918155999999996","282.76999999999998","4323C","","","","","","","","","20210503","08:46:44.2470000",,"000290","Lima","00 LIMA","Zona Moderna Este","LIMA",
"82100","821","","","","","","","","","","Tiendas provincia","Pendiente","19000101","","","","","","","","","","","","","","","","","","","","","","","","","","","","","","","","","","","","","","","",,"000821","Lima","00 LIMA","Sin Zona","PROVINCIA",
"37700","377","Marcona","90405","R3","Región Sur","40001","PICA","Plaza Ica","98900","TP","Tiendas Provincia","Activa","20121217","","AV. ANDRES AVELINO CACERES N° 224, SUB-LOTE E5","MARCONA","NAZCA","ICA","Centro","3770300000","SBS 8058 - 2012","20121019","002-516","Alquilada","Tienda Financiera","Calle","Normal","L a J de 9:00am a 6:00pm / V de 9:00am a 8:00pm / S de 9:00am a 1:00pm","TIENDA MARCONA","sin Embozadora","NO","Normal","100304","NO","19000101","T","0","","-15.361773339999999","-75.166651000000002","181.61000000000001","4221J","","","","","","","","","20210503","08:46:44.2470000",,"000377","Sur","03 SUR CENTRO","Ica","PROVINCIA",
"10700","107","Larco","96200","Z5","Zona Moderna Oeste","","","","82100","TL","Tiendas Lima","Activa","19821001","","AV. LARCO 690 ESQ. C/ AV. BENAVIDES","MIRAFLORES","LIMA","LIMA","Moderna 1","1070300000","SBS 1105-1999","19991215","002-142","Propia","Tienda Financiera","Calle","Normal","L a V de 9:00am a 6:00pm / S de 9:00am a 1:00pm","TIENDA LARCO","con Embozadora","NO","Remodelada a Imagine","140107","SI","20140526","T","1","1","-12.124336","-77.029539999999997","723","43226","","","","","","","","","20210503","08:46:44.2470000",,"000107","Lima","00 LIMA","Zona Moderna Oeste","LIMA",
"10200","102","Gambeta","82000","Z2","Zona 2","","","","82100","TL","Tiendas Lima","Cerrada","20071015","20151231","AV. FAUCETT N? 6000","CALLAO","CALLAO","CALLAO","Callao","","SBS 1233-2007","20070911","002-385","Alquilada","Tienda Financiera","Calle","Normal","L a V de 8:00am a 5:00pm / S de 8:00am a 12:00pm","GAMBETA","sin Embozadora","NO","Normal","101","NO","19000101","T","","","","","","","","","","","","","","","20210503","08:46:44.2470000",,"000102","Lima","00 LIMA","Zona Oeste","LIMA",
"95400","954","","","","","","","","","","Tiendas provincia","Pendiente","19000101","","","","","","","","","","","","","","","","","","","","","","","","","","","","","","","","","","","","","","","",,"000954","Lima","","Sin Zona","PROVINCIA",
"10600","106","Reducto","96200","Z5","Zona 5","","","","82100","TL","Tiendas Lima","Cerrada","20080804","20130704","CENTRO COMERCIAL A.VASCO NUÑEZ DE BALBOA N°757 MIRAFLORES","MIRAFLORES","LIMA","LIMA","Moderna 1","","SBS 1386-2008","20080507","002-409","Alquilada","Tienda Financiera","Calle","Normal","L a V de 9:00am a 6:00pm / S de 9:00am a 1:00pm","REDUCTO","sin Embozadora","NO","Normal","140107","NO","19000101","T","","","","","","","","","","","","","","","20210503","08:46:44.2470000",,"000106","Lima","00 LIMA","Zona Moderna Oeste","LIMA",
"24000","240","MM. Chorrillos (M)","","","","","","","","","Tiendas provincia","Pendiente","19000101","","","","","","","","","","","","","","","","","","","","","","","","","","","","","","","","","","","","","","","",,"000240","Lima","","Sin Zona","PROVINCIA",
"15100","151","Mendiola","80500","Z1","Zona Norte","","","","82100","TL","Tiendas Lima","Activa","20071221","","AV. ALFREDO MENDIOLA N?3779-3783 - PANAMERICANA NORTE","LOS OLIVOS","LIMA","LIMA","Lima Norte","1510300000","SBS 1682-2007","20071121","002-393","Alquilada","Tienda Financiera","Calle","Normal","L a V de 9:00am a 6:00pm / S de 9:00am a 1:00pm","TIENDA MENDIOLA LOS OLIVOS","sin Embozadora","NO","Normal","140142","SI","20131106","T","1","1","-11.990781","-77.064532","478","4311A","","","","","","","","","20210503","08:46:44.2470000",,"000151","Lima","00 LIMA","Zona Norte","LIMA",
"75000","750","Tarapoto","90403","R2","Región Centro","75001","PTPP","Plaza Oriente","98900","TP","Tiendas Provincia","Activa","19991215","","JR. MIGUEL GRAU N° 119","TARAPOTO","SAN MARTIN","SAN MARTIN","Centro","7500300000","SBS 1105-1999","19991215","002-045","Propia","Tienda Financiera","Calle","Normal","L a V de 9:00am a 6:00pm / S de 9:00am a 1:00pm","TIENDA TARAPOTO","sin Embozadora","NO","Normal","210601","NO","19000101","T","1","1","-6.4869510000000004","-76.360275000000001","444","4211D","","","","","","","","","20210503","08:46:44.2470000",,"000750","Centro","02 NORTE CENTRO","Oriente","PROVINCIA",
"28900","289","CC San Miguel","82000","Z2","Zona Oeste","","","","82100","TL","Tiendas Lima","Activa","20061230","","CA. MANTARO # 108 V-10 SAN MIGUEL","SAN MIGUEL","LIMA","LIMA","Moderna 1","2890300000","SBS 12996-2009","20090915","002-329","Alquilada","Tienda Financiera","Centro Comercial","Horario Extendido","L a V 9:00 am a 7:00 pm - S de 9:00 am a 2:00pm","TIENDA CC SAN MIGUEL","con Embozadora","NO","Normal","140101","SI","20130926","T","1","1","-12.07626709","-77.082686229999993","323.27999999999997","4312D","","","","","","","","","20210503","08:46:44.2470000",,"000289","Lima","00 LIMA","Zona Oeste","LIMA",
"41100","411","El Quinde Ica","90405","R3","Región Sur","40001","PICA","Plaza Ica","98900","TP","Tiendas Provincia","Activa","20131212","","LOS MAESTROS N° 206, LOCALES LF-103 Y LF-104","ICA","ICA","ICA","","4110300000","0","20130717","002-531","Alquilada","Tienda Financiera","Centro Comercial","Horario Extendido","L a S de 10:00am a 8:00pm","TIENDA EL QUINDE ICA","","","Nació siendo Imagine","100101","SI","20131212","T","1","1","-14.07424542","-75.738944110000006","224.66999999999999","4221N","","","","","","","","","20210503","08:46:44.2470000",,"000411","Sur","03 SUR CENTRO","Ica","PROVINCIA",
"13800","138","Comas","80500","Z1","Zona Norte","","","","82100","TL","Tiendas Lima","Activa","20041206","","AV. TUPAC AMARU 1023 - 1025 (ANTES 1027-1029) URB. HUAQUILLAY MZ. Q LOTE 25-26","COMAS","LIMA","LIMA","Lima Norte","1380300000","SBS 1586-2004","20040917","002-292","Alquilada","Tienda Financiera","Calle","Normal","L a V de 9:00am a 6:00pm / S de 9:00am a 1:00pm","TIENDA COMAS","sin Embozadora","NO","Normal","140104","SI","20131002","T","1","1","-11.95622","-77.052882999999994","155.28","43116","","","","","","","","","20210503","08:46:44.2470000",,"000138","Lima","00 LIMA","Zona Norte","LIMA",
"09800","098","Lima Cargo City","82000","Z2","Zona 2","","","","82100","TL","Tiendas Lima","Cerrada","20080731","20150314","AV.ELMER FAUCCET N°2121 CALLAO","CALLAO","CALLAO","CALLAO","Callao","","SBS 1486-2009","20090306","002-410","Alquilada","Tienda Financiera","Centro Comercial","Normal","L a V de 9:00am a 6:00pm / S de 9:00am a 1:00pm","LIMA CARGO CITY","sin Embozadora","NO","Normal","101","NO","19000101","T","","","","","","","","","","","","","","","20210503","08:46:44.2470000",,"000098","Lima","00 LIMA","Zona Oeste","LIMA",
"25300","253","MM Vea Cortijo","81300","Z7","Zona Sur","","","","82100","TL","Tiendas Lima","Activa","20050401","","AV. REPÚBLICA DE PANAMÁ # 515 BARRANCO","BARRANCO","LIMA","LIMA","Moderna 2","2530300000","SBS 317-2005","20050218","002-309","Alquilada","Money Market","Supermercado","Money","L a D 9:00am a 9:00pm","MM Vea CORTIJO","con Embozadora","SI","Normal","140125","NO","19000101","T","1","1","-12.135111","-77.018224000000004","86.680000000000007","43314","","","","","","","","","20210503","08:46:44.2470000",,"000253","Lima","00 LIMA","Zona Sur","LIMA",
"64700","647","Inteligo Camacho","81200","Z6","Zona Moderna Este","","","","82100","TL","Tiendas Lima","Activa","20190808","","Av. Circunvalación del Golf Los Incas 134, Edificio Patio Panorama - Oficina 1501","SURCO","LIMA","LIMA","Moderna 1","6470300000","SBS 3560-2019","20190807","","Alquilada","Tienda Cerrada","Cerrada","Cerrada","L a V de 9:00am a 6:00pm","","sin Embozadora","NO","Normal","150140","NO","19000101","T","0","","-12.082458000000001","-76.9685317","","","","","","","","","","","20210503","08:46:44.2470000",,"000647","Lima","","Zona Moderna Este","LIMA",
"17900","179","CTV Ayacucho Surco","","","","","","","","","Tiendas provincia","Pendiente","19000101","","","","","","","","","","","","","","","","","","","","","","","","","","","","","","","","","","","","","","","",,"000179","Lima","","Sin Zona","PROVINCIA",
"28500","285","Guardia Civil","81300","Z7","Zona 7","","","","82100","TL","Tiendas Lima","Cerrada","20101217","20191231","CC PASEO CENTER. AV. GUARDIA CIVIL S/N SUB LOTE 16 A, MZ E, LOCALES 103-104","CHORRILLOS","LIMA","LIMA","Lima Sur","2850300000","SBS 12387-2010","20101007","002-481","Alquilada","Tienda Financiera","Calle","Normal","L a V de 9:00am a 6:00pm / S de 9:00am a 1:00pm","TIENDA GUARDIA CIVIL","sin Embozadora","NO","Normal","140108","SI","20140618","T","1","1","-12.18378459","-77.000487250000006","248","4324A","","","","","","","","","20210503","08:46:44.2470000",,"000285","Lima","00 LIMA","Zona Sur","LIMA",
"02300","023","Sucre","82000","Z2","Zona Oeste","","","","82100","TL","Tiendas Lima","Activa","19980501","","AV. SUCRE 598","PUEBLO LIBRE","LIMA","LIMA","Moderna 2","0230300000","SBS 494-1998","19980518","002-188","Alquilada","Tienda Financiera","Calle","Normal","L a V de 9:00am a 6:00pm / S de 9:00am a 1:00pm","TIENDA SUCRE","sin Embozadora","NO","Normal","140107","NO","19000101","T","1","1","-12.077007999999999","-77.064661000000001","436.12","43134","","","","","","","","","20210503","08:46:44.2470000",,"000023","Lima","00 LIMA","Zona Oeste","LIMA",
"05900","059","El Polo","81200","Z6","Zona Moderna Este","","","","82100","TL","Tiendas Lima","Activa","19970801","","AV. EL POLO 706","SURCO","LIMA","LIMA","Moderna 1","0590300000","SBS 586-1997","19970826","002-161","Propia","Tienda Financiera","Calle","Normal","L a V de 9:00am a 6:00pm / S de 9:00am a 1:00pm","TIENDA EL POLO","sin Embozadora","NO","Normal","140129","NO","19000101","T","1","1","-12.10131","-76.971508","216","43234","","","","","","","","","20210503","08:46:44.2470000",,"000059","Lima","00 LIMA","Zona Moderna Este","LIMA",
"42600","426","Cusco Wanchaq","90405","R3","Región Sur","42001","PCUS","Plaza Cusco","98900","TP","Tiendas Provincia","Activa","20070614","","AV. DIAGONAL N? 175","WANCHAQ","CUSCO","CUSCO","Sur","4260300000","SBS 568-2007","20070511","002-370","Alquilada","Tienda Financiera","Calle","Normal","L a V de 9:00am a 6:00pm / S de 9:00am a 1:00pm","TIENDA CUSCO WANCHAQ","sin Embozadora","NO","Normal","70108","SI","20131125","T","1","1","-13.521915999999999","-71.967611000000005","196.80000000000001","4222L","","","","","","","","","20210503","08:46:44.2470000",,"000426","Sur","04 SUR","Cusco","PROVINCIA",
"34600","346","MM Vea Puente Piedra","80500","Z1","Zona 1","","","","82100","TL","Tiendas Lima","Cerrada","20081215","20200211","AV SAN JUAN DE DIOS S/N LT 1 MZ A PUENTE PIEDRA","PUENTE PIEDRA","LIMA","LIMA","Lima Norte","3460300000","SBS 12502-2008","20081212","002-443","Alquilada","Money Market","Supermercado","Money","L a D 9:00am a 9:00pm","MM Vea PUENTE PIEDRA","sin Embozadora","SI","Normal","140119","NO","19000101","T","0","","-11.864038000000001","-77.073044999999993","44","4331A","","","","","","","","","20210503","08:46:44.2470000",,"000346","Lima","00 LIMA","Zona Norte","LIMA",
"28200","282","Real Plaza Pro","80500","Z1","Zona Norte","","","","82100","TL","Tiendas Lima","Activa","20080716","","C.C Real Plaza Pro km 21.5 Panamericana Norte","SAN MARTIN DE PORRES","LIMA","LIMA","Lima Norte","2820300000","SBS 1386-2008","20080507","002-411","Alquilada","Tienda Financiera","Centro Comercial","Horario Extendido","L a V de 9:00 a.m. a 7:00 p.m. / S de 9:00 a.m. a 2:00 p.m.","MM Vea REAL PLAZA PRO - UNICACHI","con Embozadora","SI","Normal","140126","NO","19000101","T","1","1","-11.940581999999999","-77.070156999999995","270.60000000000002","43319","","","","","","","","","20210503","08:46:44.2470000",,"000282","Lima","00 LIMA","Zona Norte","LIMA",
"49000","490","Módulo Real Plaza Centro Cívico","","","","","","","","","Tiendas lima","Pendiente","19000101","","","","","","","","","","","","","","","","","","","","","","","","","","","","","","","","","","","","","","","",,"000490","Lima","","Zona 9","LIMA",
"74000","740","Iquitos","90403","R2","Región Centro","75001","PTPP","Plaza Oriente","98900","TP","Tiendas Provincia","Activa","20010330","","JR. PROSPERO 598","IQUITOS","MAYNAS","LORETO","Centro","7400300000","SBS 252-2001","20010330","002-037","Propia","Tienda Financiera","Calle","Normal","L a V de 9:00am a 6:00pm / S de 9:00am a 1:00pm","TIENDA IQUITOS","con Embozadora","NO","Normal","150101","SI","20140904","T","1","1","-3.7511679999999998","-73.245373000000001","465","42212","","","","","","","","","20210503","08:46:44.2470000",,"000740","Centro","02 NORTE CENTRO","Oriente","PROVINCIA",
"08500","085","Argentina","82000","Z2","Zona 2","","","","82100","TL","Tiendas Lima","Cerrada","20070824","20200430","AV. ARGENTINA N? 327-339 ESQ. JR.PACASMAYO CON GUILLERMO DANSEY","LIMA - CERCADO","LIMA","LIMA","Lima Centro","0850300000","SBS 14294-2009","20091030","002-361","Alquilada","Tienda Financiera","Calle","Normal","L a V de 9:00am a 6:00pm / S de 9:00am a 1:00pm","TIENDA ARGENTINA (LA BELLOTA)","sin Embozadora","NO","Normal","140101","SI","20131030","T","1","1","-12.044525","-77.046754000000007","156","43125","","","","","","","","","20210503","08:46:44.2470000",,"000085","Lima","00 LIMA","Zona Oeste","LIMA",
"64500","645","Puruchuco 1","81700","Z4","Zona Este","","","","82100","TL","Tiendas Lima","Activa","20191113","","CENTRO COMERCIAL REAL PLAZA PURUCHUCO - ATE NICOLAS AYLLON 4770 LS 206-207","ATE - VITARTE","LIMA","LIMA","Lima Este","6450300000","SBS 5320-2019","20191112","","Alquilada","Tienda Financiera","Centro Comercial","Horario Extendido","L a S 9:00am a 8:00pm","","Con Embozadora","NO","Normal","140103","SI","19000101","T","0","","-12.041304","-76.931963999999994","","","","","","","","","","","20210503","08:46:44.2470000",,"000645","Lima","","Zona Este","LIMA",
"48400","484","La Paz","82000","Z2","Zona 2","","","","82100","TL","Tiendas Lima","Cerrada","20120515","20150821","AV. LA PAZ N° 2561","SAN MIGUEL","LIMA","LIMA","Moderna 1","","SBS 2606 - 2012","20120426","002-502","Alquilada","Tienda Financiera","Centro Comercial","Normal","L a V de 10:00am a 6:00pm / S de 10:00am a 1:00 pm","LA PAZ","sin Embozadora","NO","Normal","140101","NO","19000101","T","","","","","","","","","","","","","","","20210503","08:46:44.2470000",,"000484","Lima","00 LIMA","Zona Oeste","LIMA",
"00900","009","Arnaldo Marquez","81500","Z3","Zona Centro","","","","82100","TL","Tiendas Lima","Activa","19811101","","AV. ARNALDO MARQUEZ 1400","JESUS MARIA","LIMA","LIMA","Moderna 2","0090300000","SBS 1105-1999","19991215","002-176","Propia","Tienda Financiera","Calle","Normal","L a V de 9:00am a 6:00pm / S de 9:00am a 1:00pm","TIENDA ARNALDO MARQUEZ","sin Embozadora","NO","Normal","140133","NO","19000101","T","1","1","-12.074564000000001","-77.050520000000006","243","43132","","","","","","","","","20210503","08:46:44.2470000",,"000009","Lima","00 LIMA","Zona Centro","LIMA",
"27000","270","MM Vea Ayacucho","81300","Z7","Zona Sur","","","","82100","TL","Tiendas Lima","Activa","20070829","","AV. AYACUCHO MZ.B LT.10 - 18 URB.LOS ROSALES","SURCO","LIMA","LIMA","Moderna 1","2700300000","SBS 1084-2007","20070807","002-381","Alquilada","Money Market","Supermercado","Money","L a D 9:00am a 9:00pm","MM Vea AYACUCHO - SURCO","con Embozadora","SI","Normal","140129","NO","19000101","T","0","","-12.143284619999999","-77.002508219999996","37.100000000000001","43318","","","","","","","","","20210503","08:46:44.2470000",,"000270","Lima","00 LIMA","Zona Sur","LIMA",
"37400","374","Clínica Ricardo Palma","96200","Z5","Zona 5","","","","82100","TL","Tiendas Lima","Cerrada","20090427","20200430","AV. JAVIER PRADO ESTE N° 1080 - 1088","SAN ISIDRO","LIMA","LIMA","Moderna 1","3740300000","SBS 2420-2009","20090408","002-452","Alquilada","Tienda Cerrada","Cerrada","Cerrada","L a V de 9:00am a 6:00pm / S de 9:00am a 1:00pm","TIENDA CLINICA RICARDO PALMA","sin Embozadora","NO","Normal","140112","NO","19000101","T","0","","-12.090479","-77.017988000000003","37.390000000000001","4321B","","","","","","","","","20210503","08:46:44.2470000",,"000374","Lima","00 LIMA","Zona Moderna Oeste","LIMA",
"27800","278","ME Larcomar","","","","","","","","","","Pendiente","19000101","","","","","","","","","","","","","","","","","","","","","","","","","","","","","","","","","","","","","","","",,"000278","Lima","","","",
"98100","981","","","","","","","","","","Tiendas provincia","Pendiente","19000101","","","","","","","","","","","","","","","","","","","","","","","","","","","","","","","","","","","","","","","",,"000981","Lima","","Sin Zona","PROVINCIA",
"12500","125","Cantolao - Callao","","","","","","","","","Tiendas provincia","Pendiente","19000101","","","","","","","","","","","","","","","","","","","","","","","","","","","","","","","","","","","","","","","",,"000125","Lima","","Sin Zona","PROVINCIA",
"13600","136","Mega Plaza","80500","Z1","Zona Norte","","","","82100","TL","Tiendas Lima","Activa","20021201","","AV. ALFREDO MENDIOLA #3698 -MEGA PLAZA","INDEPENDENCIA","LIMA","LIMA","Lima Norte","1360300000","SBS 996-2002","20021009","002-285","Alquilada","Tienda Financiera","Centro Comercial","Normal","L a V de 9:00am a 7:00pm / S de 9:00am a 2:00pm","TIENDA MEGA PLAZA","sin Embozadora","NO","Normal","140102","SI","20130928","T","1","1","-11.99348148","-77.062753740000005","238.63999999999999","43115","","","","","","","","","20210503","08:46:44.2470000",,"000136","Lima","00 LIMA","Zona Norte","LIMA",
"16700","167","Izaguirre","80500","Z1","Zona 1","","","","82100","TL","Tiendas Lima","Cerrada","20071124","20200430","AV. CARLOS IZAGUIRRE N? 870 URB. LAS PALMERAS 1RA ETAPA","LOS OLIVOS","LIMA","LIMA","Lima Norte","1670300000","SBS 1868-2007","20071219","002-363","Alquilada","Tienda Financiera","Calle","Normal","L a V de 9:00am a 6:00pm / S de 9:00am a 1:00pm","TIENDA IZAGUIRRE","sin Embozadora","NO","Normal","140142","SI","20140703","T","1","1","-11.990807999999999","-77.071240000000003","133","4311C","","","","","","","","","20210503","08:46:44.2470000",,"000167","Lima","00 LIMA","Zona Norte","LIMA",
"63800","638","Armendáriz","81800","Z8","Zona 8","","","","82100","TL","Tiendas Lima","Cerrada","20150220","20170306","Av. Armendáriz N° 450, 456, 460, 472, 480, 484, 490, esquina con calle Las Acacias N° 281, 295","MIRAFLORES","LIMA","LIMA","","6380300000","SBS 5977 - 2014","20140908","0","Alquilada","Tienda Financiera","Calle","Normal","L a V de 9:00am a 7:00pm / S de 9:00am a 1:00pm","TIENDA ARMENDARIZ","","","Nació siendo Imagine","140107","SI","20150220","T","1","1","-12.058960000000001","-77.046953000000002","268.19","4324E","","","","","","","","","20210503","08:46:44.2470000",,"000638","Lima","","","",
"05600","056","Faucett","82000","Z2","Zona Oeste","","","","82100","TL","Tiendas Lima","Activa","19810201","","AV. ELMER FAUCETT 216","SAN MIGUEL","LIMA","LIMA","Moderna 1","0560300000","SBS 1105-1999","19991215","002-158","Propia","Tienda Financiera","Calle","Normal","L a V de 9:00am a 6:00pm / S de 9:00am a 1:00pm","TIENDA ELMER FAUCETT","sin Embozadora","NO","Normal","140101","SI","20131127","T","1","1","-12.07118082","-77.098312480000004","151","43123","","","","","","","","","20210503","08:46:44.2470000",,"000056","Lima","00 LIMA","Zona Oeste","LIMA",
"56500","565","MM Vea Villa El Salvador","81300","Z7","Zona 7","","","","82100","TL","Tiendas Lima","Cerrada","20120409","20191130","SUB LOTE A1, FRENTE A LA AV LIMA ENTRE LOS KM. 29.9 Y 30 DE LA ANTIGUA PANAMERICANA","VILLA EL SALVADOR","LIMA","LIMA","Lima Sur","5650300000","SBS 1869 - 2012","20120323","002-501","Alquilada","Money Market","Supermercado","Money","L a D 9:00am a 9:00pm","MM VILLA EL SALVADOR","con Embozadora","SI","Normal","140141","NO","19000101","T","0","","-12.231145","-76.910831000000002","50.600000000000001","4331D","","","","","","","","","20210503","08:46:44.2470000",,"000565","Lima","00 LIMA","Zona Sur","LIMA",
"52700","527","Huacho","90403","R2","Región Centro","52701","PNC","Plaza Norte chico","98900","TP","Tiendas Provincia","Activa","20071221","","AV. 28 DE JULIO N?321-323","HUACHO","HUAURA","LIMA","Centro","5270300000","SBS 1868-2007","20071219","002-402","Alquilada","Tienda Financiera","Calle","Normal","L a V de 9:00am a 6:00pm / S de 9:00am a 1:00pm","TIENDA PLAZA HUACHO","sin Embozadora","NO","Normal","140501","NO","19000101","T","1","2","-11.107483999999999","-77.607449000000003","208","4211M","","","","","","","","","20210503","08:46:44.2470000",,"000527","Centro","02 NORTE CENTRO","Norte chico","PROVINCIA",
"12600","126","Jockey Plaza","81200","Z6","Zona Moderna Este","","","","82100","TL","Tiendas Lima","Activa","19980301","","C.C. JOCKEY PLAZA TIENDA 113 - AV. JAVIER PRADO 4200 1? NIVEL","SURCO","LIMA","LIMA","Moderna 1","1260300000","SBS 100-1997/ SBS 3551-2012","18991230","002-254","Alquilada","Tienda Financiera","Centro Comercial","Horario Extendido","L a S de 10:00am a 8:00pm","TIENDA JOCKEY PLAZA","sin Embozadora","NO","Normal","140129","SI","20130918","T","1","1","-12.084761930000001","-76.977031760000003","208.47999999999999","43238","","","","","","","","","20210503","08:46:44.2470000",,"000126","Lima","00 LIMA","Zona Moderna Este","LIMA",
"46200","462","Mall Plaza Arequipa-Cayma","","","","30001","PAQP","Plaza Arequipa","98900","TP","Tiendas Provincia","Activa","20161221","","Av. Del Ejercito s/n, C.C. Mall Aventura Plaza de Cayma, Local LF-6 LF-7, distrito de Cayma, provincia y departamento de Arequipa","CAYMA","AREQUIPA","AREQUIPA","","4620300000","SBS 5197 - 2016","20160930","002-564","Alquilada","Tienda Financiera","Centro Comercial","Horario Extendido","L a S de 10:00am a 8:00pm","TF MALL AVENTURA CAYMA","con Embozadora","NO","Nació siendo Imagine","40102","SI","19000101","T","0","0","-16.390784","-71.546634999999995","290","","","","","","","","","","20210503","08:46:44.2470000",,"000462","Arequipa","","Arequipa","PROVINCIA",
"34700","347","MM Vea Universitaria","80500","Z1","Zona 1","","","","82100","TL","Tiendas Lima","Cerrada","20081216","20170630","AV UNIVERSITARIA CDRA. 13. ENTRE AV. ANGELICA GAMARRA Y AV. TOMAS VALLE","LOS OLIVOS","LIMA","LIMA","Lima Norte","3470300000","SBS 12502-2008","20081212","002-445","Alquilada","Money Market","Supermercado","Money","L a D 9:00am a 9:00pm","MM Vea UNIVERSITARIA","con Embozadora","SI","Normal","140142","NO","19000101","T","0","","-12.010716","-77.080034999999995","53","4331B","","","","","","","","","20210503","08:46:44.2470000",,"000347","Lima","00 LIMA","Zona Norte","LIMA",
"98700","987","","","","","","","","","","Tiendas provincia","Pendiente","19000101","","","","","","","","","","","","","","","","","","","","","","","","","","","","","","","","","","","","","","","",,"000987","Lima","","Sin Zona","PROVINCIA",
"37800","378","Canta Callao","82000","Z2","Zona Oeste","","","","82100","TL","Tiendas Lima","Activa","20081215","","AV. CANTA CALLAO N° 378 Y PROL. ALEJANDRO BERTELLO N° 1685","CALLAO","CALLAO","CALLAO","Callao","3780300000","SBS 600-2009","20090203","002-441","Alquilada","Tienda Financiera","Centro Comercial","Normal","L a V de 9:00 am a 7:00 pm/ S de 9:00 am - 2:00 pm","TIENDA CANTA CALLAO","sin Embozadora","NO","Normal","101","SI","20131002","T","1","1","-11.99803591","-77.112929859999994","132.21000000000001","4312F","","","","","","","","","20210503","08:46:44.2470000",,"000378","Lima","00 LIMA","Zona Oeste","LIMA",
"91600","916","","","","","","","","","","Tiendas provincia","Pendiente","19000101","","","","","","","","","","","","","","","","","","","","","","","","","","","","","","","","","","","","","","","",,"000916","Lima","","Sin Zona","PROVINCIA",
"34100","341","Ilo","90405","R3","Región Sur","34001","PTCQ","Plaza Tacna","98900","TP","Tiendas Provincia","Activa","20091030","","CALLAO ESQ. C/ AYACUCHO 431","ILO","ILO","MOQUEGUA","Sur","3410300000","SBS 14294-2009","20091030","002-100","Propia","Tienda Financiera","Calle","Normal","L a V de 9:00am a 6:00pm / S de 9:00am a 1:00pm","TIENDA ILO","sin Embozadora","NO","Normal","170301","SI","20140719","T","1","1","-17.645637000000001","-71.344050999999993","635","42226","","","","","","","","","20210503","08:46:44.2470000",,"000341","Sur","04 SUR","Tacna","PROVINCIA",
"77100","771","ME Aguas Verdes","90414","R1","Región Norte","","","","98900","TP","Tiendas Provincia","Cerrada","20140930","20171230","MZ. N, LOTE 63, ZONA COMERCIAL AGUAS VERDES","AGUAS VERDES","ZARUMILLA","TUMBES","","7710300000","SBS 3385 - 2014","20140603","002-546","Alquilada","Money Exchange","Calle","Money","L a S de 9:00am a 6:00pm","TIENDA TUMBES AGUAS VERDES","","","Normal","","NO","19000101","T","0","","-3.4813969999999999","-80.243392","78.5","","","","","","","","","","20210503","08:46:44.2470000",,"000771","Norte","","Tumbes","PROVINCIA",
"07500","075","Centro Aéreo Comercial","82000","Z2","Zona Oeste","","","","82100","TL","Tiendas Lima","Activa","19980401","","AV. ELMER FAUCETT TDA B MDO.B-CENTRO AERO COMERCIAL EL CALLAO","CALLAO","CALLAO","CALLAO","Callao","0750300000","SBS 351-1998","19980407","002-106","Propia","Tienda Financiera","Calle","Normal","L a V de 9:00am a 6:30pm / S de 9:00am a 1:00pm","TIENDA CENTRO AEREO COMERCIAL","sin Embozadora","NO","Normal","101","SI","20140620","T","1","1","-12.02266466","-77.104945900000004","162.69","43124","","","","","","","","","20210503","08:46:44.2470000",,"000075","Lima","00 LIMA","Zona Oeste","LIMA",
"26800","268","MM Vea Salamanca","81700","Z4","Zona Este","","","","82100","TL","Tiendas Lima","Activa","20050401","","AV.CIRCUNVALACIÓN 2769 C.C. LOS RECAUDADORES  - ATE","ATE - VITARTE","LIMA","LIMA","Lima Este","2680300000","SBS 317-2005","20050218","002-318","Alquilada","Money Market","Supermercado","Money","L a D 9:00am a 9:00pm","MM Vea SALAMANCA","con Embozadora","SI","Normal","140103","NO","19000101","T","0","","-12.08024","-76.986174000000005","39.299999999999997","43317","","","","","","","","","20210503","08:46:44.2470000",,"000268","Lima","00 LIMA","Zona Este","LIMA",
"09400","094","El Agustino","81700","Z4","Zona Este","","","","82100","TL","Tiendas Lima","Activa","20080218","","AV. RIVA AGUERO N?1284 - 1296 ESQ. AV.HOYLE PALACIOS N?108 - 110 - A.H. PROVIVIENDA, ZONA VI","EL AGUSTINO","LIMA","LIMA","Lima Este","0940300000","SBS 284-2008","20080213","002-406","Alquilada","Tienda Financiera","Calle","Normal","L a V de 9:00am a 6:00pm / S de 9:00am a 1:00pm","TIENDA EL AGUSTINO","sin Embozadora","NO","Normal","140135","NO","19000101","T","0","","-12.04960286","-77.001441330000006","94.150000000000006","43147","","","","","","","","","20210503","08:46:44.2470000",,"000094","Lima","00 LIMA","Zona Este","LIMA",
"78300","783","","","","","","","","","","Tiendas provincia","Pendiente","19000101","","","","","","","","","","","","","","","","","","","","","","","","","","","","","","","","","","","","","","","",,"000783","Lima","","Sin Zona","PROVINCIA",
"63100","631","Carmelitas","81300","Z7","Zona Sur","","","","82100","TL","Tiendas Lima","Activa","20131120","","AV. ALFREDO BENAVIDES N° 1575, LOCAL 101","MIRAFLORES","LIMA","LIMA","","6310300000","SBS 4475 - 2013","20130717","002-532","Alquilada","Tienda Financiera","Calle","Normal","L a V de 9:00am a 6:00pm / S de 9:00am a 1:00pm","TIENDA CARMELITAS","","NO","Nació siendo Imagine","140107","SI","20131018","T","1","1","-12.126219000000001","-77.016596000000007","394","4323H","","","","","","","","","20210503","08:46:44.2470000",,"000631","Lima","00 LIMA","Zona Sur","LIMA",
"92900","929","","","","","","","","","","Tiendas provincia","Pendiente","19000101","","","","","","","","","","","","","","","","","","","","","","","","","","","","","","","","","","","","","","","",,"000929","Lima","","Sin Zona","PROVINCIA",
"13500","135","USMP","83200","Z10","Zona 10","","","","82100","TL","Tiendas Lima","Cerrada","20011217","20161226","CAMPUS DE LA UNIVERSIDAD PARTICULAR SAN MARTÍN DE PORRES -STA. ANITA","SANTA ANITA","LIMA","LIMA","Lima Este","1350300000","SBS 761-2006","20060616","002-282","Alquilada","Tienda Cerrada","Cerrada","Cerrada","L a V de 9:30am a 7:30pm","TIENDA UNIVERSIDAD SAN MARTIN DE PORRAS","sin Embozadora","NO","Normal","140143","NO","19000101","T","0","","-12.045517","-76.966766000000007","56","43213","","","","","","","","","20210503","08:46:44.2470000",,"000135","Lima","00 LIMA","Lima","LIMA",
"87500","875","","","","","","","","","","Tiendas provincia","Pendiente","19000101","","","","","","","","","","","","","","","","","","","","","","","","","","","","","","","","","","","","","","","",,"000875","Lima","","Sin Zona","PROVINCIA",
"63000","630","Próceres","81700","Z4","Zona Este","","","","82100","TL","Tiendas Lima","Activa","20121226","","AV. PROCERES DE LA INDEPENDENCIA N° 2666, MZ. G-1. LOTE 5, URB. SAN CARLOS","SAN JUAN DE LURIGANCHO","LIMA","LIMA","Lima Este","6300300000","SBS 8058 - 2012","20121019","002-519","Alquilada","Tienda Financiera","Calle","Normal","L a V de 9:00am a 6:00pm / S de 9:00am a 1:00pm","TIENDA PROCERES SJL","sin Embozadora","NO","Normal","140137","SI","20140628","T","1","1","-11.988415","-77.009165999999993","289","4314I","","","","","","","","","20210503","08:46:44.2470000",,"000630","Lima","00 LIMA","Zona Este","LIMA",
"29300","293","Camacho","81200","Z6","Zona Moderna Este","","","","82100","TL","Tiendas Lima","Activa","20041209","","AV. JAVIER PRADO ESTE # 4921-TDA.5 CAMACHO","LA MOLINA","LIMA","LIMA","Moderna 1","2930300000","SBS 1840-2004","20041108","002-298","Alquilada","Tienda Financiera","Calle","Normal","L a V de 9:00am a 6:00pm / S de 9:00am a 1:00pm","TIENDA CAMACHO","sin Embozadora","NO","Normal","140110","SI","19000101","T","1","1","-12.08147584","-76.967610239999999","166.53100000000001","4323D","","","","","","","","","20210503","08:46:44.2470000",,"000293","Lima","00 LIMA","Zona Moderna Este","LIMA",
"08600","086","Malecon Miraflores","81800","Z8","Zona 8","","","","82100","TL","Tiendas Lima","Cerrada","20100727","20200131","AV. LARCO N° 1020. ESQUINA CALLE MANCO CAPAC","MIRAFLORES","LIMA","LIMA","Moderna 1","0860300000","SBS 16124-2009","20091230","002-475","Alquilada","Tienda Financiera","Calle","Normal","L a V de 9:00am a 6:00pm / S de 9:00am a 1:00pm","TIENDA MALECON MIRAFLORES","sin Embozadora","NO","Normal","140107","SI","20131030","T","1","1","-12.127955","-77.029759999999996","355.43000000000001","43224","","","","","","","","","20210503","08:46:44.2470000",,"000086","Lima","00 LIMA","Zona 8","LIMA",
"28800","288","MM Vea Las Gardenias","81300","Z7","Zona Sur","","","","82100","TL","Tiendas Lima","Activa","19930601","","C.C. LAS GARDENIAS TDA. 11","SURCO","LIMA","LIMA","Moderna 1","2880300000","SBS 14294-2009","20091030","002-243","Alquilada","Money Market","Centro Comercial","Money","L a D 9:00am a 9:00pm","TIENDA GARDENIAS","con Embozadora","SI","Normal","140129","NO","19000101","T","0","","-12.12927644","-76.983865019999996","212.80000000000001","43348","","","","","","","","","20210503","08:46:44.2470000",,"000288","Lima","00 LIMA","Zona Sur","LIMA",
"08900","089","Ventanilla","80500","Z1","Zona Norte","","","","82100","TL","Tiendas Lima","Activa","20071129","","AV. MALECON ANDRES A. CACERES MZ. C-3 LT.N? 20 - EX - ZONA COMERCIAL VENTANILLA","VENTANILLA","CALLAO","CALLAO","Callao","0890300000","SBS 1682-2007","20071121","002-389","Alquilada","Tienda Financiera","Calle","Normal","L a V de 9:00am a 6:00pm / S de 9:00am a 1:00pm","TIENDA VENTANILLA","sin Embozadora","NO","Normal","106","SI","20131129","T","1","1","-11.871824","-77.127814000000001","249.91999999999999","43126","","","","","","","","","20210503","08:46:44.2470000",,"000089","Lima","00 LIMA","Zona Norte","LIMA",
"14300","143","Chorrillos","81300","Z7","Zona Sur","","","","82100","TL","Tiendas Lima","Activa","20041108","","AV. HUAYLAS # 523","CHORRILLOS","LIMA","LIMA","Lima Sur","1430300000","SBS 1840-2004","20041108","002-305","Alquilada","Tienda Financiera","Calle","Normal","L a V de 9:00am a 6:30pm / S de 9:00am a 2:00pm","TIENDA CHORRILLOS","sin Embozadora","NO","Normal","140108","SI","20140626","T","1","1","-12.168716","-77.024296000000007","230","43245","","","","","","","","","20210503","08:46:44.2470000",,"000143","Lima","00 LIMA","Zona Sur","LIMA",
"33600","336","Real Plaza Arequipa","","","","30001","PAQP","Plaza Arequipa","98900","TP","Tiendas Provincia","Activa","20101112","","AV. EJERCITO N° 1009. LOCAL COMERCIAL 125-126","CAYMA","AREQUIPA","AREQUIPA","Sur","3360300000","SBS 5919-2010 y SBS 5419-2010","18991230","002-477","Alquilada","Tienda Financiera","Centro Comercial","Horario Extendido","L a S de 10:00am a 8:00pm","MM REAL PLAZA AREQUIPA","sin Embozadora","SI","Normal","40102","SI","20131028","T","1","1","-16.389253220000001","-71.549335560000003","54.329999999999998","42217","","","","","","","","","20210503","08:46:44.2470000",,"000336","Arequipa","04 SUR","Arequipa","PROVINCIA",
"27500","275","MM Vea San Miguel","82000","Z2","Zona 2","","","","82100","TL","Tiendas Lima","Cerrada","20070724","20170716","AV. LA MARINA N? 2155 - 2167 SUPERMERCADOS PLAZA VEA","SAN MIGUEL","LIMA","LIMA","Moderna 1","2750300000","SBS 923-2007","20070713","002-379","Alquilada","Money Market","Supermercado","Money","L a D 9:00am a 9:00pm","MM Vea SAN MIGUEL","con Embozadora","SI","Normal","140101","NO","19000101","T","0","","-12.07859","-77.083736999999999","30.199999999999999","43347","","","","","","","","","20210503","08:46:44.2470000",,"000275","Lima","00 LIMA","Zona Oeste","LIMA",
"53300","533","MM Vea Ventanilla","80500","Z1","Zona Norte","","","","82100","TL","Tiendas Lima","Cerrada","20140912","20201231","AV. NESTOR GAMBETTA Y PEDRO BELTRAN, LOCAL N° 2, URB. ZONA INDUSTRIAL CIUDAD SATELITE DE VENTANILLA","VENTANILLA","CALLAO","CALLAO","","5330300000","SBS 5051 - 2014","20140808","002-544","Alquilada","Money Market","Supermercado","Money","L a D 9:00am a 9:00pm","MM VENTANILLA","","SI","Normal","106","NO","19000101","T","0","","-11.87302268","-77.126741429999996","40","4312I","","","","","","","","","20210503","08:46:44.2470000",,"000533","Lima","00 LIMA","Zona Norte","LIMA",
"16400","164","Ricardo Palma","96200","Z5","Zona Moderna Oeste","","","","82100","TL","Tiendas Lima","Activa","20081217","","AV RICARDO PALMA N° 401 Y CAL. ALFONSO UGARTE 130-136","MIRAFLORES","LIMA","LIMA","Moderna 1","1640300000","SBS 12502-2008","20081212","002-438","Propia","Tienda Financiera","Calle","Normal","L a V de 9:00am a 6:00pm / S de 9:00am a 1:00pm","TIENDA MIRAFLORES RICARDO PALMA","sin Embozadora","NO","Normal","140107","SI","20131023","T","1","1","-12.118973","-77.026613999999995","583","4322A","","","","","","","","","20210503","08:46:44.2470000",,"000164","Lima","00 LIMA","Zona Moderna Oeste","LIMA",
"87800","878","","","","","","","","","","Tiendas provincia","Pendiente","19000101","","","","","","","","","","","","","","","","","","","","","","","","","","","","","","","","","","","","","","","",,"000878","Lima","","Sin Zona","PROVINCIA",
"63900","639","Salaverry","82000","Z2","Zona Oeste","","","","82100","TL","Tiendas Lima","Activa","20140526","","CUADRA 24 DE LA AV. FELIPE SANTIAGO SALAVERRY INTERSECCION CON PUNTA DEL ESTE LOCAL LS-02","JESUS MARIA","LIMA","LIMA","","6390300000","SBS 1676 - 2014","20140312","002-541","Alquilada","Tienda Financiera","Centro Comercial","Normal","L a V de 9:00 am a 7:00 pm/ S de 9:00 am - 2:00 pm","TIENDA REAL PLAZA SALAVERRY","","NO","Nació siendo Imagine","140133","SI","20140523","T","1","1","-12.08943723","-77.052490950000006","310.48000000000002","4313E","","","","","","","","","20210503","08:46:44.2470000",,"000639","Lima","00 LIMA","Zona Oeste","LIMA",
"33300","333","Municipalidad de San Borja","81200","Z6","Zona 6","","","","82100","TL","Tiendas Lima","Cerrada","20090323","20140104","Municipalidad San Borja Av. Joaquin Madrid 200","SAN BORJA","LIMA","LIMA","Moderna 1","","SBS 12502-2008","20081212","002-451","Alquilada","Tienda Cerrada","Cerrada","Cerrada","L a V de 8:30am a 5:30pm / S de 9:00am a 1:00pm","MUNICIPALIDAD DE SAN BORJA","sin Embozadora","NO","Normal","140140","NO","19000101","T","","","","","","","","","","","","","","","20210503","08:46:44.2470000",,"000333","Lima","00 LIMA","Zona Moderna Este","LIMA",
"13300","133","RR.EE.","81500","Z3","Zona Centro","","","","82100","TL","Tiendas Lima","Activa","20010401","","JR. LAMPA N° 580","LIMA - CERCADO","LIMA","LIMA","Lima Centro","1330300000","SBS 252-2001","20010330","002-281","Alquilada","Tienda Cerrada","Cerrada","Cerrada","L a V de 9:00am a 6:30pm","TIENDA MINISTERIO RR.EE.","sin Embozadora","NO","Normal","140101","NO","19000101","T","0","","-12.048647170000001","-77.030118470000005","50.439999999999998","43212","","","","","","","","","20210503","08:46:44.2470000",,"000133","Lima","00 LIMA","Zona Centro","LIMA",
"54600","546","La Merced","90403","R2","Región Centro","50001","PJUN","Plaza Junin","98900","TP","Tiendas Provincia","Activa","20120704","","JR. AREQUIPA N° 465","CHANCHAMAYO","CHANCHAMAYO","JUNIN","Centro","5460300000","SBS 3551 - 2012/SBS 5356 - 2012","18991230","002-507","Propia","Tienda Financiera","Calle","Normal","L a V de 9:00am a 6:00pm / S de 9:00am a 1:00pm","TIENDA LA MERCED","sin Embozadora","NO","Normal","110801","SI","20140814","T","1","1","-11.054985","-75.328558999999998","234.5","4221E","","","","","","","","","20210503","08:46:44.2470000",,"000546","Centro","03 SUR CENTRO","Junin","PROVINCIA",
"31600","316","Inteligo","96200","Z5","Zona Moderna Oeste","","","","82100","TL","Tiendas Lima","Activa","20091228","","AV RIVERA NAVARRETE 501 PISO 21 EDIFICIO CAPITAL","SAN ISIDRO","LIMA","LIMA","Moderna 1","3160300000","SBS 15273-2009","20091130","002-469","Alquilada","Tienda Cerrada","Cerrada","Cerrada","L a V de 9:00am a 6:30pm","TIENDA INTELIGO - CENTURA","sin Embozadora","NO","Normal","140112","NO","19000101","T","0","","-12.0925732","-77.026646999999997","23.41","43219","","","","","","","","","20210503","08:46:44.2470000",,"000316","Lima","00 LIMA","Zona Moderna Oeste","LIMA",
"40600","406","Ica San Isidro","90405","R3","Región Sur","40001","PICA","Plaza Ica","98900","TP","Tiendas Provincia","Activa","20050820","","AV. SAN - MARTIN # 1040","ICA","ICA","ICA","Centro","4060300000","SBS 1013-2005","20050707","002-330","Alquilada","Tienda Financiera","Calle","Normal","L a V de 9:00am a 6:30pm / S de 9:00am a 1:00pm","TIENDA ICA SAN ISIDRO","sin Embozadora","NO","Normal","100101","SI","20131021","T","1","1","-14.072848","-75.727998999999997","262.19999999999999","4222J","","","","","","","","","20210503","08:46:44.2470000",,"000406","Sur","03 SUR CENTRO","Ica","PROVINCIA",
"35200","352","MM Vea Chosica","81700","Z4","Zona Este","","","","82100","TL","Tiendas Lima","Activa","20100612","","AV. LIMA SUR N° 930-970","LURIGANCHO","LIMA","LIMA","Lima Este","3520300000","SBS 5919-2010 y SBS 5419-2010","18991230","002-474","Alquilada","Money Market","Supermercado","Money","L a D 9:00am a 9:00pm","MM Vea CHOSICA","con Embozadora","SI","Normal","140112","NO","19000101","T","0","","-11.940313","-76.699804999999998","27.18","43327","","","","","","","","","20210503","08:46:44.2470000",,"000352","Lima","00 LIMA","Zona Este","LIMA",
"77800","778","MM Chiclayo","","","","70001","PCH","Plaza Chiclayo","98900","TP","Tiendas Provincia","Activa","20181015","","Av. Miguel de Cervantes Nro 300 Centro Comercial Real Plaza (dentro de Plaza Vea)","CHICLAYO","CHICLAYO","LAMBAYEQUE","","7780300000","SBS 3962-2018","20181010","","Alquilada","Money Market","Supermercado","Money","L a D 9:00am a 9:00pm","","con Embozadora","Si","Nació siendo Imagine","140101","SI","20181015","T","1","1","-6.7791100000000002","-79.832853999999998","178","","","","","","","","","","20210503","08:46:44.2470000",,"000778","Norte","","Chiclayo","PROVINCIA",
"15000","150","Canto Grande","81700","Z4","Zona Este","","","","82100","TL","Tiendas Lima","Activa","20071024","","AV. CANTO GRANDE N? 3636","SAN JUAN DE LURIGANCHO","LIMA","LIMA","Lima Este","1500300000","SBS 568-2007","20070511","002-365","Alquilada","Tienda Financiera","Calle","Normal","L a V de 9:00am a 6:00pm / S de 9:00am a 1:00pm","TIENDA CANTO GRANDE","sin Embozadora","NO","Normal","140137","SI","20131023","T","1","1","-11.969239999999999","-77.005317000000005","222.86000000000001","4314B","","","","","","","","","20210503","08:46:44.2470000",,"000150","Lima","00 LIMA","Zona Este","LIMA",
"29600","296","Dos de Mayo","96200","Z5","Zona Moderna Oeste","","","","82100","TL","Tiendas Lima","Activa","20041213","","AV. DOS DE MAYO # 1030-1032","SAN ISIDRO","LIMA","LIMA","Moderna 1","2960300000","SBS 1840-2004","20041108","002-294","Propia","Tienda Financiera","Calle","Horario Extendido","L a V de 9:00am a 6:00pm/S de 9:00am a 1:00pm","TIENDA DOS DE MAYO","sin Embozadora","NO","Normal","140112","SI","20130926","T","1","1","-12.091661269999999","-77.041657659999998","303","4322E","","","","","","","","","20210503","08:46:44.2470000",,"000296","Lima","00 LIMA","Zona Moderna Oeste","LIMA",
"05700","057","Dasso","96200","Z5","Zona Moderna Oeste","","","","82100","TL","Tiendas Lima","Activa","19961201","","AV. PARDO Y ALIAGA 634","SAN ISIDRO","LIMA","LIMA","Moderna 1","0570300000","SBS 1105-1999/ SBS 1327-2012","19991215","002-151","Alquilada","Tienda Financiera","Calle","Normal","L a V de 9:00am a 6:00pm / S de 9:00am a 1:00pm","TIENDA DASSO","sin Embozadora","NO","Normal","140112","SI","20130928","T","1","1","-12.106676","-77.038362000000006","573.09000000000003","43223","","","","","","","","","20210503","08:46:44.2470000",,"000057","Lima","00 LIMA","Zona Moderna Oeste","LIMA",
"71300","713","Cajamarca El Quinde","90414","R1","Región Norte","","","","98900","TP","Tiendas Provincia","Cerrada","20100917","20201231","JR. SOR MANUELA GIL N° 151, LOCAL LE-116, CC EL QUINDE","CAJAMARCA","CAJAMARCA","CAJAMARCA","Norte","7130300000","SBS 5919-2010 y SBS 5419-2010","18991230","002-476","Alquilada","Tienda Financiera","Centro Comercial","Horario Extendido","L a S de 10:00am a 8:00pm","TIENDA EL QUINDE CAJAMARCA","sin Embozadora","NO","Normal","60101","NO","19000101","T","0","","-7.1489505070000003","-78.509202090000002","107.87","42124","","","","","","","","","20210503","08:46:44.2470000",,"000713","Norte","01 NORTE","","",
"76400","764","","","","","","","","","","Tiendas provincia","Pendiente","19000101","","","","","","","","","","","","","","","","","","","","","","","","","","","","","","","","","","","","","","","",,"000764","02 NORTE CENTRO","02 NORTE CENTRO","MOYOBAMBA","PROVINCIA",
"98900","989","","","","","","","","","","Tiendas provincia","Pendiente","19000101","","","","","","","","","","","","","","","","","","","","","","","","","","","","","","","","","","","","","","","",,"000989","Lima","","Sin Zona","PROVINCIA",
"17200","172","Canadá","81700","Z4","Zona Este","","","","82100","TL","Tiendas Lima","Cerrada","20080402","20210206","AV. CANADA N? 3478, 3480 Y 3484","SAN BORJA","LIMA","LIMA","Moderna 1","1720300000","SBS 1682-2007","20071121","002-388","Alquilada","Tienda Financiera","Calle","Normal","L a V de 9:00am a 6:00pm / S de 9:00am a 1:00pm","TIENDA CANADA","sin Embozadora","NO","Normal","140140","SI","20130928","T","1","1","-12.081283000000001","-76.993931000000003","181.15000000000001","4314E","","","","","","","","","20210503","08:46:44.2470000",,"000172","Lima","00 LIMA","Zona Este","LIMA",
"34300","343","Arequipa Mall Aventura","","","","30001","PAQP","Plaza Arequipa","98900","TP","Tiendas Provincia","Activa","20110330","","AV. PORONGOCHE LOCAL COMERCIAL LF - 5","PAUCARPATA","AREQUIPA","AREQUIPA","Sur","3430300000","SBS 17093-2010","20101216","002-492","Alquilada","Tienda Financiera","Centro Comercial","Horario Extendido","L a S de 10:00am a 8:00pm","TIENDA MALL AVENTURA PLAZA AREQUIPA","con Embozadora","NO","Normal","40109","SI","20131028","T","1","1","-16.417068","-71.514011999999994","259.74000000000001","4221B","","","","","","","","","20210503","08:46:44.2470000",,"000343","Arequipa","04 SUR","Arequipa","PROVINCIA",
"44100","441","MM Pisco","90405","R3","Región Sur","40001","PICA","Plaza Ica","98900","TP","Tiendas Provincia","Cerrada","20141224","20191231","AV. FERMIN TANGUIS y LAS AMERICAS S/N EL PEDREGAL LOTE N° 3","PISCO","PISCO","ICA","","4410300000","SBS 7696 - 2014","20141118","002-549","Alquilada","Money Market","Supermercado","Money","L a D 9:00am a 9:00pm","MM PISCO","","","Normal","100401","NO","19000101","T","0","","-13.711221589999999","-76.194131780000006","39.670000000000002","4221P","","","","","","","","","20210503","08:46:44.2470000",,"000441","Sur","03 SUR CENTRO","Ica","PROVINCIA",
"23900","239","MM. Ov Gutiérrez (W)","","","","","","","","","Tiendas provincia","Pendiente","19000101","","","","","","","","","","","","","","","","","","","","","","","","","","","","","","","","","","","","","","","",,"000239","Lima","","Sin Zona","PROVINCIA",
"04300","043","Molicentro","81200","Z6","Zona Moderna Este","","","","82100","TL","Tiendas Lima","Cerrada","19930101","20201231","C.C. LOS MOLINOS TDA. 1","LA MOLINA","LIMA","LIMA","Moderna 1","0430300000","SBS 787-2003","20030523","002-174","Alquilada","Tienda Financiera","Calle","Normal","L a V de 9:00am a 6:00pm / S de 9:00am a 1:00pm","TIENDA LA MOLINA","sin Embozadora","NO","Normal","140110","NO","19000101","T","0","","-12.082849","-76.928387999999998","220","43231","","","","","","","","","20210503","08:46:44.2470000",,"000043","Lima","00 LIMA","Zona Moderna Este","LIMA",
"75800","758","Moyobamba","90403","R2","Región Centro","75001","PTPP","Plaza Oriente","98900","TP","Tiendas Provincia","Activa","20080929","","JR. JOSE DE SAN MARTIN N° 535 - 537 A Y B","MOYOBAMBA","MOYOBAMBA","SAN MARTIN","Centro","7580300000","SBS 9747-2008","20080930","002-419","Alquilada","Tienda Financiera","Calle","Normal","L a V de 9:00am a 6:00pm / S de 9:00am a 1:00pm","TIENDA MOYOBAMBA","sin Embozadora","NO","Normal","210101","NO","19000101","T","0","","-6.03329","-76.974742000000006","480","4211P","","","","","","","","","20210503","08:46:44.2470000",,"000758","Centro","02 NORTE CENTRO","Oriente","PROVINCIA",
"33700","337","Cyberplaza","","","","","","","","","Tiendas provincia","Pendiente","19000101","","","","","","","","","","","","","","","","","","","","","","","","","","","","","","","","","","","","","","","",,"000337","Lima","","Sin Zona","PROVINCIA",
"21500","215","MM Breña","","","","","","","","","Tiendas provincia","Pendiente","19000101","","","","","","","","","","","","","","","","","","","","","","","","","","","","","","","","","","","","","","","",,"000215","Lima","","Sin Zona","PROVINCIA",
"20100","201","Saenz Peña","82000","Z2","Zona Oeste","","","","82100","TL","Tiendas Lima","Cerrada","19670601","20210331","AV. SAENZ PEÑA 406","CALLAO","CALLAO","CALLAO","Callao","2010300000","SBS 503-1998","19980520","002-105","Propia","Tienda Financiera","Calle","Normal","L a V de 9:00am a 6:00pm / S de 9:00am a 1:00pm","TIENDA SAENZ PEÑA","sin Embozadora","NO","Normal","101","NO","19000101","T","0","","-12.06114","-77.142649000000006","158.00999999999999","4312B","","","","","","","","","20210503","08:46:44.2470000",,"000201","Lima","00 LIMA","Zona Oeste","LIMA",
"25800","258","MM Vivanda Dos de Mayo","96200","Z5","Zona 5","","","","82100","TL","Tiendas Lima","Cerrada","20051022","20131212","ESQ. AV. DOS DE MAYO Y CL. LOS NOGALES","SAN ISIDRO","LIMA","LIMA","Moderna 1","","SBS 14294-2009","20091030","002-333","Alquilada","Money Market","Supermercado","Money","L a D 9:00am a 9:00pm","MM VIVANDA DOS DE MAYO","sin Embozadora","SI","Normal","140112","NO","19000101","T","","","","","","","","","","","","","","","20210503","08:46:44.2470000",,"000258","Lima","00 LIMA","Zona Moderna Oeste","LIMA",
"11700","117","Mesa Redonda","81500","Z3","Zona Centro","","","","82100","TL","Tiendas Lima","Activa","20081222","","JR. ANDAHUAYLAS N° 983","LIMA - CERCADO","LIMA","LIMA","Lima Centro","1170300000","SBS 1792-2008","20080530","002-413","Alquilada","Tienda Financiera","Calle","Normal","L a V de 9:00am a 6:00pm / S de 9:00am a 1:00pm","TIENDA MESA REDONDA","sin Embozadora","NO","Normal","140101","NO","19000101","T","0","","-12.05378501","-77.026585800000007","113.20999999999999","43138","","","","","","","","","20210503","08:46:44.2470000",,"000117","Lima","00 LIMA","Zona Centro","LIMA",
"31500","315","Cayma","","","","30001","PAQP","Plaza Arequipa","98900","TP","Tiendas Provincia","Activa","19980401","","C.C. CAYMA TDAS. 25 Y 26 - AV. EJERCITO S/N","CAYMA","AREQUIPA","AREQUIPA","Sur","3150300000","SBS 401-1998","19980421","002-261","Propia","Tienda Financiera","Calle","Normal","L a V de 9:00am a 6:00pm / S de 9:00am a 1:00pm","TIENDA CAYMA","sin Embozadora","NO","Remodelada a Imagine","40102","SI","20131028","T","1","1","-16.389495","-71.546847999999997","314.19999999999999","42223","","","","","","","","","20210503","08:46:44.2470000",,"000315","Arequipa","04 SUR","Arequipa","PROVINCIA",
"26700","267","MM Vea Valle Hermoso","81200","Z6","Zona 6","","","","82100","TL","Tiendas Lima","Cerrada","20070301","20140430","AV JACARANDÁ 890, URB. VALLE HERMOSO, SURCO","SURCO","LIMA","LIMA","Moderna 1","","SBS 1406-2006","20061027","002-351","Alquilada","Money Market","Supermercado","Money","L a D 9:00am a 9:00pm","MM VEA VALLE HERMOSO","sin Embozadora","SI","Normal","140129","NO","19000101","T","","","","","","","","","","","","","","","20210503","08:46:44.2470000",,"000267","Lima","00 LIMA","Zona Moderna Este","LIMA",
"33000","330","Parque Industrial","81300","Z7","Zona Sur","","","","82100","TL","Tiendas Lima","Activa","20081216","","AV VELASCO ALVARADO LOTE 01 Y 02, MZ. M1 - PARQUE INDUSTRIAL","VILLA EL SALVADOR","LIMA","LIMA","Lima Sur","3300300000","SBS 10680-2008","20081106","002-435","Alquilada","Tienda Financiera","Calle","Normal","L a V de 9:00am a 6:00pm / S de 9:00am a 1:00pm","TIENDA PARQUE INDUSTRIAL","sin Embozadora","NO","Normal","140141","SI","20131129","T","1","1","-12.204338","-76.932326000000003","431.16000000000003","4324C","","","","","","","","","20210503","08:46:44.2470000",,"000330","Lima","00 LIMA","Zona Sur","LIMA",
"43200","432","Aviación","96200","Z5","Zona Moderna Oeste","","","","82100","TL","Tiendas Lima","Activa","20141015","","AV. AVIACION N° 3385, MZ G2, LOTE 18, URB. LAS MAGNOLIAS","SAN BORJA","LIMA","LIMA","","4320300000","SBS 3385 - 2014","20140603","002-552","Alquilada","Tienda Financiera","Calle","Normal","L a V de 9:00am a 6:00pm / S de 9:00am a 1:00pm","TIENDA AVIACION","","","Nació siendo Imagine","140140","SI","20141015","T","1","1","-12.104934549999999","-77.000812800000006","360","4323J","","","","","","","","","20210503","08:46:44.2470000",,"000432","Lima","00 LIMA","Zona Moderna Oeste","LIMA",
"43300","433","ME Cusco San Blas","90419","R4","Región Sur","42001","PCUS","Plaza Cusco","98900","TP","Tiendas Provincia","Cerrada","20140618","20161231","CALLE CHOQUECHACA DEL CENTRO HISTORICO N° 424","CUSCO","CUSCO","CUSCO","","4330300000","SBS 2802 - 2014","20140513","002-543","Alquilada","Money Exchange","Calle","Money","L a D de 8:00am a 8:00pm","TIENDA ME CUSCO SAN BLAS","","","Normal","70101","NO","19000101","T","0","","-13.514507","-71.976241000000002","35.859999999999999","","","","","","","","","","20210503","08:46:44.2470000",,"000433","Sur","","Cusco","PROVINCIA",
"5500","055","","","","","","","","","","","Pendiente","19000101","","","","","","","","","","","","","","","","","","","","","","","","","","","","","","","","","","","","","","","",,"000055","Lima","00 LIMA","","",
"63600","636","Colegio de Abogados","81800","Z8","Zona 8","","","","82100","TL","Tiendas Lima","Cerrada","20130923","20151109","AV. SANTA CRUZ N° 255","MIRAFLORES","LIMA","LIMA","","","SBS 2717 - 2013","20130503","002-530","","Tienda Cerrada","Cerrada","Cerrada","L a V de 9:00 am a 7:00pm / S de 9:00am a 1:00 pm","COLEGIO DE ABOGADOS","","NO","Normal","140107","NO","19000101","T","","","","","","","","","","","","","","","20210503","08:46:44.2470000",,"000636","Lima","00 LIMA","","",
"28600","286","Marsano","81200","Z6","Zona 6","","","","82100","TL","Tiendas Lima","Cerrada","20081204","20170630","JR. HUANCAVELICA N° 207. URB. LA OROYA ANTIGUA","SURQUILLO","LIMA","LIMA","Moderna 2","2860300000","SBS 10680-2008","20081106","002-430","Alquilada","Tienda Financiera","Calle","Normal","L a V de 9:00am a 6:00pm / S de 9:00am a 1:00pm","TIENDA TOMAS MARSANO","sin Embozadora","NO","Normal","140131","NO","19000101","T","1","1","-12.111667000000001","-77.012979999999999","212.25","4324B","","","","","","","","","20210503","08:46:44.2470000",,"000286","Lima","00 LIMA","Zona Moderna Este","LIMA",
"16900","169","Mega Plaza II","80500","Z1","Zona 1","","","","82100","TL","Tiendas Lima","Cerrada","20070511","20171230","AV. INDUSTRIAL # 3515 - 3517 URB. HABILITACION INDUSTRIAL VALLE PIEDRA LIZA","INDEPENDENCIA","LIMA","LIMA","Lima Norte","1690300000","SBS 568-2007","20070511","002-353","Alquilada","Tienda Financiera","Centro Comercial","Normal","L a V de 10:00am a 7:00pm / S de 10:00am a 2:00pm","TIENDA MEGAPLAZA II","sin Embozadora","NO","Normal","140102","SI","20131204","T","1","1","-11.994346999999999","-77.059353000000002","200","4311D","","","","","","","","","20210503","08:46:44.2470000",,"000169","Lima","00 LIMA","Zona Norte","LIMA",
"33500","335","Puerto Maldonado","90405","R3","Región Sur","42001","PCUS","Plaza Cusco","98900","TP","Tiendas Provincia","Activa","20070918","","AV. LEON VELARDE N?298 ESQ.C/AV. DANIEL ALCIDES CARRION TAMBOPATA","TAMBOPATA","TAMBOPATA","MADRE DE DIOS","Sur","3350300000","SBS 568-2007","20070511","002-375","Alquilada","Tienda Financiera","Calle","Normal","L a V de 9:00am a 6:00pm / S de 9:00am a 1:00pm","TIENDA PUERTO MALDONADO","sin Embozadora","NO","Normal","160101","NO","19000101","T","0","","-12.594137999999999","-69.177288000000004","160","4222G","","","","","","","","","20210503","08:46:44.2470000",,"000335","Sur","04 SUR","Cusco","PROVINCIA",
"26400","264","MM Vivanda Monterrico","81200","Z6","Zona Moderna Este","","","","82100","TL","Tiendas Lima","Activa","20051201","","AV. LA ENCALA CON ESQ. AV.PRIMAVERA - CC.MONTERRICO SURCO","SURCO","LIMA","LIMA","Moderna 1","2640300000","SBS 14294-2009","20091030","002-338","Alquilada","Money Market","Supermercado","Money","L a D 9:00am a 9:00pm","MM VIVANDA MONTERRICO","sin Embozadora","SI","Normal","140129","SI","20131018","T","0","","-12.109147","-76.971952999999999","38.850000000000001","43339","","","","","","","","","20210503","08:46:44.2470000",,"000264","Lima","00 LIMA","Zona Moderna Este","LIMA",
"87200","872","","","","","","","","","","Tiendas provincia","Pendiente","19000101","","","","","","","","","","","","","","","","","","","","","","","","","","","","","","","","","","","","","","","",,"000872","Lima","","Sin Zona","PROVINCIA",
"23800","238","MM. Nic Arriola (M)","","","","","","","","","Tiendas provincia","Pendiente","19000101","","","","","","","","","","","","","","","","","","","","","","","","","","","","","","","","","","","","","","","",,"000238","Lima","","Sin Zona","PROVINCIA",
"23300","233","MM. SJ Lurigancho (M)","","","","","","","","","Tiendas provincia","Pendiente","19000101","","","","","","","","","","","","","","","","","","","","","","","","","","","","","","","","","","","","","","","",,"000233","Lima","","Sin Zona","PROVINCIA",
"48900","489","Jirón de la Unión","81500","Z3","Zona Centro","","","","82100","TL","Tiendas Lima","Cerrada","20110214","20210206","JIRON DE LA UNION Y JIRON HUANCAVELICA N° 600","LIMA - CERCADO","LIMA","LIMA","Lima Centro","4890300000","SBS 17093-2010","20101216","002-489","Alquilada","Tienda Financiera","Centro Comercial","Horario Extendido","L a S de 10:00 a.m. a 8:00 p.m.","TIENDA REAL PLAZA JR. DE LA UNION","con Embozadora","NO","Normal","140101","NO","19000101","T","0","","-12.04800897","-77.032948469999994","69.459999999999994","4313G","","","","","","","","","20210503","08:46:44.2470000",,"000489","Lima","00 LIMA","Zona Centro","LIMA",
"28300","283","MM Vea Ceres","81700","Z4","Zona Este","","","","82100","TL","Tiendas Lima","Activa","20080428","","CARRETERA CENTRAL KM.N°6 MZA.M SUB.LOTE N?28 - URB.BARBADILLO","ATE - VITARTE","LIMA","LIMA","Lima Este","2830300000","SBS 912-2008","20080403","002-408","Alquilada","Money Market","Supermercado","Money","L a D de 9:00am a 9:00pm","MM Vea CERES","con Embozadora","SI","Normal","140103","NO","19000101","T","0","","-12.032054","-76.925855999999996","99.719999999999999","43325","","","","","","","","","20210503","08:46:44.2470000",,"000283","Lima","00 LIMA","Zona Este","LIMA",
"25700","257","MM Vea Risso","81500","Z3","Zona Centro","","","","82100","TL","Tiendas Lima","Activa","20050921","","AV. AREQUIPA # 2230","LINCE","LIMA","LIMA","Moderna 2","2570300000","SBS 1439-2005","20050920","002-334","Alquilada","Money Market","Supermercado","Money","L a D 9:00am a 9:00pm","MM Vea RISSO","con Embozadora","SI","Remodelada a Imagine","140111","SI","20130928","T","0","","-12.08661045","-77.03437959","30","43315","","","","","","","","","20210503","08:46:44.2470000",,"000257","Lima","00 LIMA","Zona Centro","LIMA",
"16100","161","Puente Piedra","80500","Z1","Zona Norte","","","","82100","TL","Tiendas Lima","Activa","20071106","","LT.N? 3, MZ.C URB. SANTO DOMINGO","PUENTE PIEDRA","LIMA","LIMA","Lima Norte","1610300000","SBS 568-2007","20070511","002-366","Alquilada","Tienda Financiera","Calle","Normal","L a V de 9:00am a 6:00pm / S de 9:00am a 1:00pm","TIENDA PUENTE PIEDRA","con Embozadora","NO","Normal","140119","SI","20131018","T","1","1","-11.865392999999999","-77.074434999999994","205.19","4311B","","","","","","","","","20210503","08:46:44.2470000",,"000161","Lima","00 LIMA","Zona Norte","LIMA",
"56100","561","Huánuco","90403","R2","Región Centro","75001","PTPP","Plaza Oriente","98900","TP","Tiendas Provincia","Activa","20120115","","JR. DOS DE MAYO N° 981-985-987-991","HUANUCO","HUANUCO","HUANUCO","Centro","5610300000","SBS 11793-2011","20111125","002-497","Alquilada","Tienda Financiera","Calle","Normal","L a V de 9:00am a 6:00pm / S de 9:00am a 1:00pm","TIENDA HUANUCO","sin Embozadora","NO","Normal","90101","NO","19000101","T","0","","-9.9306389999999993","-76.241352000000006","381.68000000000006","4221C","","","","","","","","","20210503","08:46:44.2470000",,"000561","Centro","03 SUR CENTRO","Junin","PROVINCIA",
"20500","205","Omega","82000","Z2","Zona Oeste","","","","82100","TL","Tiendas Lima","Activa","19890701","","CA. OMEGA 173 - PARQUE DE LA INDUSTRIA Y COMERCIO","BELLAVISTA","CALLAO","CALLAO","Callao","2050300000","SBS 1105-1999","19991215","002-109","Propia","Tienda Financiera","Centro Comercial","Normal","L a V de 9:00am a 6:00pm / S de 9:00am a 1:00pm","TIENDA OMEGA","sin Embozadora","NO","Normal","101","SI","20140627","T","1","1","-12.050568999999999","-77.086961000000002","227.5","4312C","","","","","","","","","20210503","08:46:44.2470000",,"000205","Lima","00 LIMA","Zona Oeste","LIMA",
"40100","401","Cañete","90405","R3","Región Sur","40001","PICA","Plaza Ica","98900","TP","Tiendas Provincia","Activa","20091030","","JR. DOS DE MAYO 451","SAN VICENTE DE CAÑETE","CAÑETE","LIMA","Centro","4010300000","SBS 14294-2009","20091030","002-072","Propia","Tienda Financiera","Calle","Normal","L a V de 9:00am a 6:30pm / S de 9:00am a 1:00pm","TIENDA CAÑETE","sin Embozadora","NO","Normal","140401","SI","20131021","T","1","1","-13.077590000000001","-76.387968999999998","281.48000000000002","42228","","","","","","","","","20210503","08:46:44.2470000",,"000401","Sur","03 SUR CENTRO","Ica","PROVINCIA",
"34000","340","Tacna","90405","R3","Región Sur","34001","PTCQ","Plaza Tacna","98900","TP","Tiendas Provincia","Activa","19991215","","AV. SAN MARTIN 646","TACNA","TACNA","TACNA","Sur","3400300000","SBS 1105-1999","19991215","002-101","Propia","Tienda Financiera","Calle","Normal","L a V de 9:00am a 6:00pm / S de 9:00am a 1:00pm","TIENDA TACNA","sin Embozadora","NO","Normal","220101","SI","20140717","T","2","2","-18.011924019999999","-70.248652879999995","787","42215","","","","","","","","","20210503","08:46:44.2470000",,"000340","Sur","04 SUR","Tacna","PROVINCIA",
"16500","165","Canaval y Moreyra","96200","Z5","Zona Moderna Oeste","","","","82100","TL","Tiendas Lima","Activa","20070820","","AV. CANAVAL Y MOREYRA N? 391","SAN ISIDRO","LIMA","LIMA","Moderna 1","1650300000","SBS 568-2007","20070511","002-360","Alquilada","Tienda Financiera","Calle","Normal","L a V de 9:00am a 6:30pm / S de 9:00am a 1:30pm","TIENDA CANAVAL Y MOREYRA","sin Embozadora","NO","Normal","140112","SI","20131016","T","1","1","-12.096899000000001","-77.022632999999999","875.13","4322B","","","","","","","","","20210503","08:46:44.2470000",,"000165","Lima","00 LIMA","Zona Moderna Oeste","LIMA",
